posteam,down,distance_bucket,play_type,n_plays_2022,n_plays_2023,n_plays_2024,Success Rate %_2022,Success Rate %_2023,Success Rate %_2024,Success Rate %_2022→2023 Δ,Success Rate %_2023→2024 Δ,Conversion %_2022,Conversion %_2023,Conversion %_2024,Conversion %_2022→2023 Δ,Conversion %_2023→2024 Δ
ARI,1,long,pass,209.0,207.0,205.0,34.93,46.379999999999995,53.169999999999995,11.4,6.8,0.0,0.0,0.0,0.0,0.0
ARI,1,long,run,221.0,216.0,214.0,33.03,35.65,37.38,2.6,1.7,0.0,0.0,0.0,0.0,0.0
ARI,1,medium,pass,1.0,5.0,8.0,0.0,60.0,25.0,60.0,-35.0,0.0,0.0,0.0,0.0,0.0
ARI,1,medium,run,8.0,11.0,9.0,50.0,36.36,66.67,-13.6,30.3,0.0,0.0,0.0,0.0,0.0
ARI,1,short,pass,2.0,3.0,5.0,0.0,0.0,80.0,0.0,80.0,0.0,0.0,0.0,0.0,0.0
ARI,1,short,run,7.0,5.0,7.0,71.43,20.0,42.86,-51.4,22.9,0.0,0.0,0.0,0.0,0.0
ARI,1,very long,pass,18.0,9.0,14.0,33.33,22.220000000000002,42.86,-11.1,20.6,0.0,0.0,0.0,0.0,0.0
ARI,1,very long,run,4.0,5.0,11.0,75.0,20.0,27.27,-55.0,7.3,0.0,0.0,0.0,0.0,0.0
ARI,2,long,pass,122.0,58.0,64.0,49.18,31.03,56.25,-18.2,25.2,0.0,0.0,0.0,0.0,0.0
ARI,2,long,run,31.0,71.0,45.0,38.71,39.44,44.440000000000005,0.7,5.0,0.0,0.0,0.0,0.0,0.0
ARI,2,medium,pass,92.0,57.0,74.0,50.0,52.629999999999995,48.65,2.6,-4.0,0.0,0.0,0.0,0.0,0.0
ARI,2,medium,run,36.0,40.0,45.0,47.22,45.0,51.11,-2.2,6.1,0.0,0.0,0.0,0.0,0.0
ARI,2,short,pass,14.0,20.0,23.0,71.43,50.0,60.870000000000005,-21.4,10.9,0.0,0.0,0.0,0.0,0.0
ARI,2,short,run,35.0,31.0,37.0,54.290000000000006,58.06,51.349999999999994,3.8,-6.7,0.0,0.0,0.0,0.0,0.0
ARI,2,very long,pass,47.0,46.0,43.0,42.55,30.43,58.14,-12.1,27.7,0.0,0.0,0.0,0.0,0.0
ARI,2,very long,run,14.0,18.0,12.0,35.709999999999994,38.89,33.33,3.2,-5.6,0.0,0.0,0.0,0.0,0.0
ARI,3,long,pass,31.0,43.0,21.0,16.13,23.26,14.29,7.1,-9.0,16.13,25.580000000000002,14.29,9.5,-11.3
ARI,3,long,run,7.0,7.0,6.0,42.86,57.14,50.0,14.3,-7.1,42.86,42.86,33.33,0.0,-9.5
ARI,3,medium,pass,72.0,64.0,65.0,38.89,43.75,40.0,4.9,-3.8,36.11,45.31,40.0,9.2,-5.3
ARI,3,medium,run,10.0,9.0,15.0,60.0,77.78,60.0,17.8,-17.8,60.0,77.78,53.33,17.8,-24.5
ARI,3,short,pass,22.0,20.0,21.0,40.910000000000004,55.00000000000001,71.43,14.1,16.4,40.910000000000004,55.00000000000001,71.43,14.1,16.4
ARI,3,short,run,36.0,27.0,34.0,75.0,77.78,70.59,2.8,-7.2,75.0,77.78,73.53,2.8,-4.2
ARI,3,very long,pass,48.0,40.0,19.0,20.830000000000002,15.0,21.05,-5.8,6.1,12.5,12.5,15.790000000000001,0.0,3.3
ARI,3,very long,run,5.0,13.0,11.0,0.0,23.080000000000002,18.18,23.1,-4.9,0.0,7.6899999999999995,9.09,7.7,1.4
ARI,4,long,pass,,6.0,2.0,,16.669999999999998,50.0,,33.3,,16.669999999999998,0.0,,-16.7
ARI,4,medium,pass,9.0,7.0,3.0,33.33,28.57,33.33,-4.8,4.8,33.33,42.86,33.33,9.5,-9.5
ARI,4,medium,run,2.0,2.0,1.0,50.0,100.0,100.0,50.0,0.0,50.0,100.0,100.0,50.0,0.0
ARI,4,short,pass,16.0,8.0,4.0,43.75,37.5,50.0,-6.2,12.5,43.75,37.5,50.0,-6.2,12.5
ARI,4,short,run,10.0,8.0,7.0,70.0,75.0,42.86,5.0,-32.1,70.0,75.0,42.86,5.0,-32.1
ARI,4,very long,pass,3.0,3.0,1.0,0.0,0.0,100.0,0.0,100.0,0.0,0.0,100.0,0.0,100.0
ARI,4,very long,run,1.0,,,0.0,,,,,0.0,,,,
ATL,1,long,pass,128.0,185.0,171.0,47.660000000000004,48.65,50.88,1.0,2.2,0.0,0.0,0.0,0.0,0.0
ATL,1,long,run,274.0,251.0,262.0,41.24,31.47,43.89,-9.8,12.4,0.0,0.0,0.0,0.0,0.0
ATL,1,medium,pass,2.0,4.0,1.0,0.0,25.0,100.0,25.0,75.0,0.0,0.0,0.0,0.0,0.0
ATL,1,medium,run,17.0,15.0,10.0,41.18,33.33,70.0,-7.9,36.7,0.0,0.0,0.0,0.0,0.0
ATL,1,short,pass,4.0,2.0,2.0,50.0,50.0,0.0,0.0,-50.0,0.0,0.0,0.0,0.0,0.0
ATL,1,short,run,6.0,2.0,5.0,66.67,50.0,40.0,-16.7,-10.0,0.0,0.0,0.0,0.0,0.0
ATL,1,very long,pass,9.0,8.0,19.0,66.67,25.0,52.629999999999995,-41.7,27.6,0.0,0.0,0.0,0.0,0.0
ATL,1,very long,run,4.0,5.0,7.0,25.0,20.0,28.57,-5.0,8.6,0.0,0.0,0.0,0.0,0.0
ATL,2,long,pass,61.0,86.0,93.0,40.98,38.37,48.39,-2.6,10.0,0.0,0.0,0.0,0.0,0.0
ATL,2,long,run,47.0,54.0,19.0,40.43,27.779999999999998,31.580000000000002,-12.7,3.8,0.0,0.0,0.0,0.0,0.0
ATL,2,medium,pass,62.0,59.0,57.0,58.06,55.93,45.61,-2.1,-10.3,0.0,0.0,0.0,0.0,0.0
ATL,2,medium,run,76.0,61.0,60.0,47.370000000000005,47.54,51.67,0.2,4.1,0.0,0.0,0.0,0.0,0.0
ATL,2,short,pass,14.0,17.0,16.0,50.0,64.71000000000001,68.75,14.7,4.0,0.0,0.0,0.0,0.0,0.0
ATL,2,short,run,38.0,37.0,54.0,57.89,43.24,59.260000000000005,-14.6,16.0,0.0,0.0,0.0,0.0,0.0
ATL,2,very long,pass,32.0,33.0,48.0,40.62,42.42,50.0,1.8,7.6,0.0,0.0,0.0,0.0,0.0
ATL,2,very long,run,12.0,16.0,7.0,41.67,37.5,14.29,-4.2,-23.2,0.0,0.0,0.0,0.0,0.0
ATL,3,long,pass,36.0,46.0,35.0,19.439999999999998,32.61,37.14,13.2,4.5,19.439999999999998,32.61,31.430000000000003,13.2,-1.2
ATL,3,long,run,6.0,9.0,2.0,33.33,44.440000000000005,0.0,11.1,-44.4,33.33,44.440000000000005,0.0,11.1,-44.4
ATL,3,medium,pass,45.0,59.0,62.0,48.89,49.15,45.16,0.3,-4.0,48.89,47.46,45.16,-1.4,-2.3
ATL,3,medium,run,10.0,14.0,4.0,50.0,42.86,75.0,-7.1,32.1,50.0,42.86,50.0,-7.1,7.1
ATL,3,short,pass,17.0,23.0,23.0,58.81999999999999,47.83,52.17,-11.0,4.3,58.81999999999999,47.83,52.17,-11.0,4.3
ATL,3,short,run,46.0,38.0,39.0,69.57,57.89,61.53999999999999,-11.7,3.6,69.57,57.89,64.1,-11.7,6.2
ATL,3,very long,pass,29.0,33.0,37.0,20.69,30.3,29.73,9.6,-0.6,6.9,12.120000000000001,10.81,5.2,-1.3
ATL,3,very long,run,4.0,3.0,5.0,75.0,33.33,40.0,-41.7,6.7,50.0,0.0,0.0,-50.0,0.0
ATL,4,long,pass,1.0,1.0,,0.0,0.0,,0.0,,0.0,0.0,,0.0,
ATL,4,medium,pass,3.0,3.0,9.0,33.33,33.33,44.440000000000005,0.0,11.1,33.33,33.33,44.440000000000005,0.0,11.1
ATL,4,medium,run,,1.0,,,100.0,,,,,100.0,,,
ATL,4,short,pass,4.0,6.0,10.0,50.0,33.33,90.0,-16.7,56.7,50.0,33.33,90.0,-16.7,56.7
ATL,4,short,run,8.0,7.0,8.0,62.5,57.14,75.0,-5.4,17.9,62.5,57.14,75.0,-5.4,17.9
ATL,4,very long,pass,1.0,1.0,4.0,0.0,0.0,50.0,0.0,50.0,0.0,0.0,50.0,0.0,50.0
ATL,4,very long,run,1.0,,,0.0,,,,,100.0,,,,
BAL,1,long,pass,191.0,213.0,192.0,47.64,52.580000000000005,48.44,4.9,-4.1,0.0,0.0,0.0,0.0,0.0
BAL,1,long,run,255.0,270.0,303.0,41.57,38.519999999999996,45.540000000000006,-3.1,7.0,0.0,0.0,0.0,0.0,0.0
BAL,1,medium,pass,5.0,3.0,2.0,60.0,33.33,50.0,-26.7,16.7,0.0,0.0,0.0,0.0,0.0
BAL,1,medium,run,10.0,14.0,9.0,70.0,64.29,55.559999999999995,-5.7,-8.7,0.0,0.0,0.0,0.0,0.0
BAL,1,short,pass,4.0,1.0,2.0,25.0,0.0,100.0,-25.0,100.0,0.0,0.0,0.0,0.0,0.0
BAL,1,short,run,6.0,10.0,9.0,66.67,50.0,44.440000000000005,-16.7,-5.6,0.0,0.0,0.0,0.0,0.0
BAL,1,very long,pass,13.0,13.0,16.0,46.150000000000006,46.150000000000006,62.5,0.0,16.3,0.0,0.0,0.0,0.0,0.0
BAL,1,very long,run,5.0,11.0,12.0,80.0,36.36,33.33,-43.6,-3.0,0.0,0.0,0.0,0.0,0.0
BAL,2,long,pass,89.0,87.0,84.0,38.2,51.72,57.14,13.5,5.4,0.0,0.0,0.0,0.0,0.0
BAL,2,long,run,41.0,48.0,64.0,43.9,37.5,35.94,-6.4,-1.6,0.0,0.0,0.0,0.0,0.0
BAL,2,medium,pass,59.0,64.0,48.0,49.15,46.88,64.58,-2.3,17.7,0.0,0.0,0.0,0.0,0.0
BAL,2,medium,run,61.0,82.0,76.0,47.54,48.78,50.0,1.2,1.2,0.0,0.0,0.0,0.0,0.0
BAL,2,short,pass,6.0,21.0,14.0,50.0,57.14,71.43,7.1,14.3,0.0,0.0,0.0,0.0,0.0
BAL,2,short,run,46.0,47.0,43.0,58.699999999999996,72.34,67.44,13.6,-4.9,0.0,0.0,0.0,0.0,0.0
BAL,2,very long,pass,40.0,38.0,37.0,42.5,36.84,54.05,-5.7,17.2,0.0,0.0,0.0,0.0,0.0
BAL,2,very long,run,14.0,17.0,21.0,50.0,47.06,33.33,-2.9,-13.7,0.0,0.0,0.0,0.0,0.0
BAL,3,long,pass,42.0,37.0,40.0,30.95,29.73,37.5,-1.2,7.8,28.57,24.32,37.5,-4.2,13.2
BAL,3,long,run,11.0,1.0,3.0,27.27,0.0,66.67,-27.3,66.7,36.36,0.0,66.67,-36.4,66.7
BAL,3,medium,pass,57.0,73.0,54.0,43.86,45.21,55.559999999999995,1.4,10.3,42.11,45.21,55.559999999999995,3.1,10.3
BAL,3,medium,run,12.0,13.0,9.0,25.0,38.46,22.220000000000002,13.5,-16.2,25.0,30.769999999999996,22.220000000000002,5.8,-8.5
BAL,3,short,pass,11.0,18.0,10.0,54.55,44.440000000000005,80.0,-10.1,35.6,54.55,44.440000000000005,80.0,-10.1,35.6
BAL,3,short,run,59.0,48.0,57.0,64.41,66.67,78.95,2.3,12.3,67.80000000000001,68.75,78.95,0.9,10.2
BAL,3,very long,pass,28.0,26.0,38.0,21.43,34.62,31.580000000000002,13.2,-3.0,14.29,23.080000000000002,18.42,8.8,-4.7
BAL,3,very long,run,6.0,13.0,3.0,50.0,38.46,0.0,-11.5,-38.5,16.669999999999998,7.6899999999999995,0.0,-9.0,-7.7
BAL,4,long,pass,1.0,,3.0,0.0,,0.0,,,0.0,,0.0,,
BAL,4,long,run,,,1.0,,,0.0,,,,,100.0,,
BAL,4,medium,pass,1.0,2.0,,0.0,50.0,,50.0,,0.0,50.0,,50.0,
BAL,4,short,pass,3.0,3.0,4.0,0.0,33.33,25.0,33.3,-8.3,0.0,33.33,25.0,33.3,-8.3
BAL,4,short,run,16.0,11.0,8.0,62.5,81.82000000000001,87.5,19.3,5.7,62.5,90.91,87.5,28.4,-3.4
BAL,4,very long,pass,2.0,1.0,,0.0,0.0,,0.0,,0.0,0.0,,0.0,
BUF,1,long,pass,272.0,242.0,185.0,47.43,54.13,44.32,6.7,-9.8,0.0,0.0,0.0,0.0,0.0
BUF,1,long,run,214.0,265.0,276.0,43.46,38.49,41.3,-5.0,2.8,0.0,0.0,0.0,0.0,0.0
BUF,1,medium,pass,9.0,3.0,9.0,55.559999999999995,33.33,33.33,-22.2,0.0,0.0,0.0,0.0,0.0,0.0
BUF,1,medium,run,10.0,10.0,14.0,40.0,40.0,92.86,0.0,52.9,0.0,0.0,0.0,0.0,0.0
BUF,1,short,pass,1.0,1.0,1.0,0.0,0.0,100.0,0.0,100.0,0.0,0.0,0.0,0.0,0.0
BUF,1,short,run,4.0,12.0,14.0,25.0,41.67,50.0,16.7,8.3,0.0,0.0,0.0,0.0,0.0
BUF,1,very long,pass,12.0,14.0,15.0,33.33,50.0,46.67,16.7,-3.3,0.0,0.0,0.0,0.0,0.0
BUF,1,very long,run,6.0,3.0,12.0,50.0,66.67,50.0,16.7,-16.7,0.0,0.0,0.0,0.0,0.0
BUF,2,long,pass,96.0,97.0,109.0,45.83,38.14,45.87,-7.7,7.7,0.0,0.0,0.0,0.0,0.0
BUF,2,long,run,54.0,35.0,41.0,42.59,42.86,34.150000000000006,0.3,-8.7,0.0,0.0,0.0,0.0,0.0
BUF,2,medium,pass,63.0,81.0,60.0,57.14,58.02,63.33,0.9,5.3,0.0,0.0,0.0,0.0,0.0
BUF,2,medium,run,48.0,75.0,66.0,47.92,58.67,43.94,10.8,-14.7,0.0,0.0,0.0,0.0,0.0
BUF,2,short,pass,37.0,20.0,16.0,64.86,65.0,75.0,0.1,10.0,0.0,0.0,0.0,0.0,0.0
BUF,2,short,run,37.0,60.0,56.0,56.76,60.0,55.36,3.2,-4.6,0.0,0.0,0.0,0.0,0.0
BUF,2,very long,pass,39.0,44.0,42.0,48.72,50.0,50.0,1.3,0.0,0.0,0.0,0.0,0.0,0.0
BUF,2,very long,run,13.0,8.0,14.0,30.769999999999996,37.5,78.57,6.7,41.1,0.0,0.0,0.0,0.0,0.0
BUF,3,long,pass,44.0,47.0,49.0,20.45,34.04,36.730000000000004,13.6,2.7,20.45,27.66,34.69,7.2,7.0
BUF,3,long,run,6.0,8.0,6.0,66.67,62.5,16.669999999999998,-4.2,-45.8,50.0,50.0,16.669999999999998,0.0,-33.3
BUF,3,medium,pass,47.0,61.0,57.0,55.32,50.82,45.61,-4.5,-5.2,55.32,50.82,45.61,-4.5,-5.2
BUF,3,medium,run,15.0,13.0,6.0,60.0,61.53999999999999,66.67,1.5,5.1,60.0,53.849999999999994,83.33,-6.2,29.5
BUF,3,short,pass,39.0,24.0,33.0,58.97,54.169999999999995,45.45,-4.8,-8.7,61.53999999999999,54.169999999999995,48.480000000000004,-7.4,-5.7
BUF,3,short,run,36.0,57.0,52.0,80.56,77.19,63.46000000000001,-3.4,-13.7,80.56,80.7,63.46000000000001,0.1,-17.2
BUF,3,very long,pass,25.0,27.0,30.0,44.0,29.630000000000003,43.33,-14.4,13.7,32.0,18.52,23.330000000000002,-13.5,4.8
BUF,3,very long,run,5.0,7.0,4.0,60.0,57.14,75.0,-2.9,17.9,60.0,28.57,50.0,-31.4,21.4
BUF,4,long,pass,,,1.0,,,0.0,,,,,0.0,,
BUF,4,medium,pass,1.0,,4.0,0.0,,50.0,,,0.0,,50.0,,
BUF,4,medium,run,,1.0,1.0,,0.0,0.0,,0.0,,0.0,0.0,,0.0
BUF,4,short,pass,9.0,11.0,9.0,33.33,45.45,77.78,12.1,32.3,33.33,45.45,77.78,12.1,32.3
BUF,4,short,run,5.0,8.0,16.0,100.0,87.5,81.25,-12.5,-6.2,100.0,87.5,87.5,-12.5,0.0
BUF,4,very long,pass,1.0,,,0.0,,,,,0.0,,,,
CAR,1,long,pass,180.0,208.0,182.0,36.11,44.230000000000004,43.41,8.1,-0.8,0.0,0.0,0.0,0.0,0.0
CAR,1,long,run,206.0,205.0,208.0,38.35,30.240000000000002,43.269999999999996,-8.1,13.0,0.0,0.0,0.0,0.0,0.0
CAR,1,medium,pass,3.0,2.0,5.0,33.33,50.0,40.0,16.7,-10.0,0.0,0.0,0.0,0.0,0.0
CAR,1,medium,run,9.0,5.0,7.0,44.440000000000005,40.0,42.86,-4.4,2.9,0.0,0.0,0.0,0.0,0.0
CAR,1,short,pass,4.0,1.0,3.0,0.0,100.0,0.0,100.0,-100.0,0.0,0.0,0.0,0.0,0.0
CAR,1,short,run,1.0,3.0,7.0,100.0,33.33,57.14,-66.7,23.8,0.0,0.0,0.0,0.0,0.0
CAR,1,very long,pass,6.0,14.0,8.0,33.33,28.57,37.5,-4.8,8.9,0.0,0.0,0.0,0.0,0.0
CAR,1,very long,run,7.0,6.0,3.0,28.57,16.669999999999998,0.0,-11.9,-16.7,0.0,0.0,0.0,0.0,0.0
CAR,2,long,pass,68.0,86.0,85.0,45.59,32.56,36.47,-13.0,3.9,0.0,0.0,0.0,0.0,0.0
CAR,2,long,run,62.0,44.0,37.0,40.32,38.64,24.32,-1.7,-14.3,0.0,0.0,0.0,0.0,0.0
CAR,2,medium,pass,46.0,50.0,64.0,47.83,38.0,46.88,-9.8,8.9,0.0,0.0,0.0,0.0,0.0
CAR,2,medium,run,50.0,64.0,51.0,42.0,48.44,39.22,6.4,-9.2,0.0,0.0,0.0,0.0,0.0
CAR,2,short,pass,13.0,22.0,17.0,46.150000000000006,27.27,41.18,-18.9,13.9,0.0,0.0,0.0,0.0,0.0
CAR,2,short,run,38.0,34.0,30.0,63.160000000000004,52.94,63.33,-10.2,10.4,0.0,0.0,0.0,0.0,0.0
CAR,2,very long,pass,26.0,42.0,29.0,61.53999999999999,26.19,44.83,-35.3,18.6,0.0,0.0,0.0,0.0,0.0
CAR,2,very long,run,25.0,8.0,7.0,32.0,25.0,14.29,-7.0,-10.7,0.0,0.0,0.0,0.0,0.0
CAR,3,long,pass,36.0,63.0,46.0,5.56,17.46,36.96,11.9,19.5,5.56,14.29,32.61,8.7,18.3
CAR,3,long,run,8.0,6.0,3.0,25.0,66.67,0.0,41.7,-66.7,12.5,50.0,0.0,37.5,-50.0
CAR,3,medium,pass,52.0,50.0,62.0,34.62,40.0,33.87,5.4,-6.1,32.690000000000005,40.0,33.87,7.3,-6.1
CAR,3,medium,run,18.0,10.0,11.0,44.440000000000005,50.0,54.55,5.6,4.5,33.33,50.0,63.63999999999999,16.7,13.6
CAR,3,short,pass,15.0,36.0,30.0,46.67,52.78,36.67,6.1,-16.1,46.67,52.78,36.67,6.1,-16.1
CAR,3,short,run,36.0,37.0,25.0,66.67,59.46,72.0,-7.2,12.5,66.67,62.160000000000004,72.0,-4.5,9.8
CAR,3,very long,pass,29.0,44.0,29.0,41.38,15.909999999999998,31.03,-25.5,15.1,24.14,11.360000000000001,13.79,-12.8,2.4
CAR,3,very long,run,8.0,3.0,5.0,12.5,33.33,0.0,20.8,-33.3,0.0,33.33,0.0,33.3,-33.3
CAR,4,long,pass,1.0,4.0,1.0,0.0,0.0,0.0,0.0,0.0,0.0,0.0,0.0,0.0,0.0
CAR,4,medium,pass,5.0,10.0,8.0,60.0,30.0,37.5,-30.0,7.5,60.0,30.0,37.5,-30.0,7.5
CAR,4,medium,run,,1.0,,,100.0,,,,,100.0,,,
CAR,4,short,pass,3.0,14.0,12.0,33.33,64.29,50.0,31.0,-14.3,33.33,64.29,50.0,31.0,-14.3
CAR,4,short,run,9.0,13.0,7.0,88.89,69.23,71.43,-19.7,2.2,88.89,69.23,71.43,-19.7,2.2
CAR,4,very long,pass,3.0,4.0,2.0,33.33,25.0,0.0,-8.3,-25.0,0.0,25.0,0.0,25.0,-25.0
CAR,4,very long,run,,2.0,,,0.0,,,,,0.0,,,
CHI,1,long,pass,156.0,192.0,189.0,35.9,46.88,42.33,11.0,-4.6,0.0,0.0,0.0,0.0,0.0
CHI,1,long,run,221.0,230.0,194.0,37.56,34.78,34.02,-2.8,-0.8,0.0,0.0,0.0,0.0,0.0
CHI,1,medium,pass,3.0,3.0,2.0,100.0,33.33,0.0,-66.7,-33.3,0.0,0.0,0.0,0.0,0.0
CHI,1,medium,run,8.0,6.0,11.0,50.0,50.0,54.55,0.0,4.5,0.0,0.0,0.0,0.0,0.0
CHI,1,short,pass,,4.0,4.0,,25.0,75.0,,50.0,,0.0,0.0,,0.0
CHI,1,short,run,5.0,9.0,6.0,40.0,55.559999999999995,66.67,15.6,11.1,0.0,0.0,0.0,0.0,0.0
CHI,1,very long,pass,7.0,11.0,16.0,71.43,36.36,37.5,-35.1,1.1,0.0,0.0,0.0,0.0,0.0
CHI,1,very long,run,13.0,8.0,8.0,46.150000000000006,37.5,37.5,-8.7,0.0,0.0,0.0,0.0,0.0,0.0
CHI,2,long,pass,50.0,57.0,70.0,46.0,31.580000000000002,35.709999999999994,-14.4,4.1,0.0,0.0,0.0,0.0,0.0
CHI,2,long,run,72.0,71.0,40.0,26.39,33.800000000000004,32.5,7.4,-1.3,0.0,0.0,0.0,0.0,0.0
CHI,2,medium,pass,40.0,54.0,66.0,35.0,46.300000000000004,37.88,11.3,-8.4,0.0,0.0,0.0,0.0,0.0
CHI,2,medium,run,69.0,70.0,53.0,43.480000000000004,44.29,47.17,0.8,2.9,0.0,0.0,0.0,0.0,0.0
CHI,2,short,pass,10.0,16.0,20.0,50.0,43.75,45.0,-6.2,1.2,0.0,0.0,0.0,0.0,0.0
CHI,2,short,run,30.0,32.0,37.0,73.33,65.62,59.46,-7.7,-6.2,0.0,0.0,0.0,0.0,0.0
CHI,2,very long,pass,25.0,44.0,59.0,36.0,38.64,40.68,2.6,2.0,0.0,0.0,0.0,0.0,0.0
CHI,2,very long,run,30.0,15.0,8.0,40.0,53.33,62.5,13.3,9.2,0.0,0.0,0.0,0.0,0.0
CHI,3,long,pass,25.0,38.0,39.0,36.0,31.580000000000002,20.51,-4.4,-11.1,36.0,31.580000000000002,17.95,-4.4,-13.6
CHI,3,long,run,14.0,9.0,6.0,64.29,77.78,83.33,13.5,5.5,50.0,55.559999999999995,83.33,5.6,27.8
CHI,3,medium,pass,55.0,69.0,63.0,40.0,42.03,38.1,2.0,-3.9,40.0,43.480000000000004,38.1,3.5,-5.4
CHI,3,medium,run,27.0,20.0,13.0,62.96000000000001,60.0,30.769999999999996,-3.0,-29.2,59.260000000000005,55.00000000000001,30.769999999999996,-4.3,-24.2
CHI,3,short,pass,12.0,25.0,28.0,33.33,56.00000000000001,53.56999999999999,22.7,-2.4,33.33,56.00000000000001,53.56999999999999,22.7,-2.4
CHI,3,short,run,40.0,31.0,26.0,70.0,67.74,53.849999999999994,-2.3,-13.9,70.0,67.74,53.849999999999994,-2.3,-13.9
CHI,3,very long,pass,36.0,36.0,46.0,16.669999999999998,11.110000000000001,23.91,-5.6,12.8,8.33,5.56,15.22,-2.8,9.7
CHI,3,very long,run,8.0,9.0,7.0,25.0,44.440000000000005,14.29,19.4,-30.2,12.5,33.33,0.0,20.8,-33.3
CHI,4,long,pass,3.0,2.0,3.0,0.0,50.0,33.33,50.0,-16.7,0.0,50.0,33.33,50.0,-16.7
CHI,4,medium,pass,3.0,5.0,8.0,0.0,40.0,50.0,40.0,10.0,0.0,40.0,62.5,40.0,22.5
CHI,4,medium,run,2.0,,2.0,100.0,,100.0,,,100.0,,100.0,,
CHI,4,short,pass,5.0,5.0,14.0,20.0,20.0,71.43,0.0,51.4,20.0,20.0,78.57,0.0,58.6
CHI,4,short,run,7.0,12.0,8.0,71.43,66.67,50.0,-4.8,-16.7,71.43,66.67,50.0,-4.8,-16.7
CHI,4,very long,pass,4.0,2.0,3.0,0.0,50.0,0.0,50.0,-50.0,0.0,50.0,0.0,50.0,-50.0
CIN,1,long,pass,281.0,225.0,224.0,52.31,49.33,58.040000000000006,-3.0,8.7,0.0,0.0,0.0,0.0,0.0
CIN,1,long,run,209.0,193.0,205.0,37.8,34.2,36.1,-3.6,1.9,0.0,0.0,0.0,0.0,0.0
CIN,1,medium,pass,9.0,9.0,6.0,33.33,44.440000000000005,50.0,11.1,5.6,0.0,0.0,0.0,0.0,0.0
CIN,1,medium,run,14.0,12.0,9.0,57.14,25.0,55.559999999999995,-32.1,30.6,0.0,0.0,0.0,0.0,0.0
CIN,1,short,pass,5.0,5.0,11.0,20.0,60.0,27.27,40.0,-32.7,0.0,0.0,0.0,0.0,0.0
CIN,1,short,run,6.0,6.0,10.0,66.67,33.33,40.0,-33.3,6.7,0.0,0.0,0.0,0.0,0.0
CIN,1,very long,pass,10.0,6.0,14.0,60.0,50.0,42.86,-10.0,-7.1,0.0,0.0,0.0,0.0,0.0
CIN,1,very long,run,10.0,3.0,2.0,40.0,100.0,0.0,60.0,-100.0,0.0,0.0,0.0,0.0,0.0
CIN,2,long,pass,106.0,101.0,90.0,45.28,41.58,46.67,-3.7,5.1,0.0,0.0,0.0,0.0,0.0
CIN,2,long,run,25.0,30.0,15.0,36.0,26.669999999999998,26.669999999999998,-9.3,0.0,0.0,0.0,0.0,0.0,0.0
CIN,2,medium,pass,93.0,76.0,95.0,44.09,51.32,53.68000000000001,7.2,2.4,0.0,0.0,0.0,0.0,0.0
CIN,2,medium,run,54.0,35.0,34.0,44.440000000000005,65.71000000000001,29.409999999999997,21.3,-36.3,0.0,0.0,0.0,0.0,0.0
CIN,2,short,pass,26.0,25.0,32.0,53.849999999999994,60.0,71.88,6.2,11.9,0.0,0.0,0.0,0.0,0.0
CIN,2,short,run,56.0,29.0,42.0,62.5,51.72,42.86,-10.8,-8.9,0.0,0.0,0.0,0.0,0.0
CIN,2,very long,pass,43.0,30.0,36.0,53.49,53.33,38.89,-0.2,-14.4,0.0,0.0,0.0,0.0,0.0
CIN,2,very long,run,11.0,13.0,8.0,36.36,15.379999999999999,50.0,-21.0,34.6,0.0,0.0,0.0,0.0,0.0
CIN,3,long,pass,49.0,47.0,32.0,44.9,36.17,34.38,-8.7,-1.8,42.86,36.17,31.25,-6.7,-4.9
CIN,3,long,run,7.0,7.0,5.0,42.86,28.57,60.0,-14.3,31.4,28.57,28.57,60.0,0.0,31.4
CIN,3,medium,pass,68.0,55.0,63.0,52.94,32.73,55.559999999999995,-20.2,22.8,51.470000000000006,30.91,55.559999999999995,-20.6,24.6
CIN,3,medium,run,9.0,1.0,6.0,33.33,0.0,50.0,-33.3,50.0,33.33,0.0,50.0,-33.3,50.0
CIN,3,short,pass,35.0,40.0,55.0,57.14,70.0,47.27,12.9,-22.7,57.14,70.0,47.27,12.9,-22.7
CIN,3,short,run,31.0,25.0,22.0,77.42,60.0,72.72999999999999,-17.4,12.7,77.42,64.0,77.27000000000001,-13.4,13.3
CIN,3,very long,pass,38.0,33.0,24.0,39.47,24.240000000000002,25.0,-15.2,0.8,23.68,6.0600000000000005,16.669999999999998,-17.6,10.6
CIN,3,very long,run,4.0,6.0,7.0,25.0,16.669999999999998,42.86,-8.3,26.2,0.0,0.0,28.57,0.0,28.6
CIN,4,long,pass,,,1.0,,,100.0,,,,,100.0,,
CIN,4,medium,pass,4.0,5.0,1.0,50.0,20.0,100.0,-30.0,80.0,50.0,20.0,100.0,-30.0,80.0
CIN,4,short,pass,4.0,5.0,15.0,0.0,60.0,46.67,60.0,-13.3,0.0,60.0,46.67,60.0,-13.3
CIN,4,short,run,5.0,6.0,2.0,40.0,66.67,50.0,26.7,-16.7,40.0,66.67,50.0,26.7,-16.7
CIN,4,very long,pass,,2.0,,,50.0,,,,,50.0,,,
CIN,4,very long,run,,1.0,,,0.0,,,,,0.0,,,
CLE,1,long,pass,170.0,230.0,249.0,55.28999999999999,42.17,37.75,-13.1,-4.4,0.0,0.0,0.0,0.0,0.0
CLE,1,long,run,270.0,246.0,176.0,38.519999999999996,32.93,30.11,-5.6,-2.8,0.0,0.0,0.0,0.0,0.0
CLE,1,medium,pass,6.0,7.0,6.0,66.67,28.57,16.669999999999998,-38.1,-11.9,0.0,0.0,0.0,0.0,0.0
CLE,1,medium,run,7.0,5.0,5.0,71.43,40.0,80.0,-31.4,40.0,0.0,0.0,0.0,0.0,0.0
CLE,1,short,pass,3.0,2.0,1.0,66.67,0.0,0.0,-66.7,0.0,0.0,0.0,0.0,0.0,0.0
CLE,1,short,run,4.0,6.0,3.0,50.0,50.0,0.0,0.0,-50.0,0.0,0.0,0.0,0.0,0.0
CLE,1,very long,pass,11.0,17.0,22.0,54.55,52.94,54.55,-1.6,1.6,0.0,0.0,0.0,0.0,0.0
CLE,1,very long,run,4.0,5.0,2.0,25.0,20.0,0.0,-5.0,-20.0,0.0,0.0,0.0,0.0,0.0
CLE,2,long,pass,77.0,107.0,117.0,36.36,33.64,35.9,-2.7,2.3,0.0,0.0,0.0,0.0,0.0
CLE,2,long,run,54.0,55.0,43.0,35.19,38.18,37.21,3.0,-1.0,0.0,0.0,0.0,0.0,0.0
CLE,2,medium,pass,55.0,63.0,59.0,47.27,50.79,35.589999999999996,3.5,-15.2,0.0,0.0,0.0,0.0,0.0
CLE,2,medium,run,52.0,71.0,48.0,46.150000000000006,38.03,39.58,-8.1,1.5,0.0,0.0,0.0,0.0,0.0
CLE,2,short,pass,22.0,22.0,20.0,40.910000000000004,54.55,55.00000000000001,13.6,0.5,0.0,0.0,0.0,0.0,0.0
CLE,2,short,run,33.0,43.0,30.0,57.58,53.49,66.67,-4.1,13.2,0.0,0.0,0.0,0.0,0.0
CLE,2,very long,pass,46.0,44.0,39.0,41.3,40.910000000000004,25.64,-0.4,-15.3,0.0,0.0,0.0,0.0,0.0
CLE,2,very long,run,13.0,17.0,12.0,46.150000000000006,41.18,50.0,-5.0,8.8,0.0,0.0,0.0,0.0,0.0
CLE,3,long,pass,48.0,55.0,52.0,22.919999999999998,23.64,32.690000000000005,0.7,9.1,18.75,20.0,28.849999999999998,1.2,8.8
CLE,3,long,run,4.0,5.0,6.0,75.0,0.0,16.669999999999998,-75.0,16.7,75.0,0.0,16.669999999999998,-75.0,16.7
CLE,3,medium,pass,61.0,65.0,68.0,40.98,35.38,39.71,-5.6,4.3,40.98,35.38,38.24,-5.6,2.9
CLE,3,medium,run,10.0,18.0,10.0,50.0,38.89,20.0,-11.1,-18.9,50.0,38.89,20.0,-11.1,-18.9
CLE,3,short,pass,22.0,27.0,19.0,50.0,51.849999999999994,47.370000000000005,1.8,-4.5,50.0,51.849999999999994,47.370000000000005,1.8,-4.5
CLE,3,short,run,40.0,40.0,28.0,67.5,62.5,46.43,-5.0,-16.1,67.5,62.5,46.43,-5.0,-16.1
CLE,3,very long,pass,35.0,52.0,50.0,22.86,15.379999999999999,16.0,-7.5,0.6,17.14,11.540000000000001,8.0,-5.6,-3.5
CLE,3,very long,run,8.0,4.0,4.0,25.0,25.0,0.0,0.0,-25.0,25.0,25.0,0.0,0.0,-25.0
CLE,4,long,pass,4.0,4.0,2.0,50.0,25.0,100.0,-25.0,75.0,50.0,25.0,100.0,-25.0,75.0
CLE,4,long,run,,,1.0,,,100.0,,,,,100.0,,
CLE,4,medium,pass,9.0,9.0,10.0,55.559999999999995,55.559999999999995,30.0,0.0,-25.6,55.559999999999995,55.559999999999995,30.0,0.0,-25.6
CLE,4,medium,run,2.0,,1.0,100.0,,100.0,,,100.0,,100.0,,
CLE,4,short,pass,8.0,6.0,10.0,12.5,50.0,30.0,37.5,-20.0,12.5,50.0,30.0,37.5,-20.0
CLE,4,short,run,17.0,12.0,18.0,76.47,75.0,77.78,-1.5,2.8,76.47,75.0,77.78,-1.5,2.8
CLE,4,very long,pass,2.0,5.0,2.0,0.0,0.0,0.0,0.0,0.0,0.0,0.0,0.0,0.0,0.0
DAL,1,long,pass,211.0,244.0,235.0,49.76,50.41,43.4,0.6,-7.0,0.0,0.0,0.0,0.0,0.0
DAL,1,long,run,271.0,226.0,192.0,35.42,40.27,31.77,4.9,-8.5,0.0,0.0,0.0,0.0,0.0
DAL,1,medium,pass,7.0,11.0,5.0,42.86,36.36,40.0,-6.5,3.6,0.0,0.0,0.0,0.0,0.0
DAL,1,medium,run,8.0,12.0,9.0,25.0,50.0,55.559999999999995,25.0,5.6,0.0,0.0,0.0,0.0,0.0
DAL,1,short,pass,5.0,5.0,,60.0,40.0,,-20.0,,0.0,0.0,,0.0,
DAL,1,short,run,7.0,8.0,6.0,42.86,37.5,66.67,-5.4,29.2,0.0,0.0,0.0,0.0,0.0
DAL,1,very long,pass,3.0,17.0,14.0,100.0,52.94,28.57,-47.1,-24.4,0.0,0.0,0.0,0.0,0.0
DAL,1,very long,run,18.0,4.0,11.0,44.440000000000005,25.0,36.36,-19.4,11.4,0.0,0.0,0.0,0.0,0.0
DAL,2,long,pass,102.0,87.0,93.0,51.959999999999994,48.28,41.94,-3.7,-6.3,0.0,0.0,0.0,0.0,0.0
DAL,2,long,run,61.0,39.0,44.0,27.87,35.9,36.36,8.0,0.5,0.0,0.0,0.0,0.0,0.0
DAL,2,medium,pass,61.0,88.0,73.0,62.3,53.410000000000004,49.32,-8.9,-4.1,0.0,0.0,0.0,0.0,0.0
DAL,2,medium,run,71.0,54.0,52.0,39.44,44.440000000000005,50.0,5.0,5.6,0.0,0.0,0.0,0.0,0.0
DAL,2,short,pass,29.0,28.0,20.0,55.169999999999995,50.0,60.0,-5.2,10.0,0.0,0.0,0.0,0.0,0.0
DAL,2,short,run,31.0,44.0,30.0,64.52,54.55,46.67,-10.0,-7.9,0.0,0.0,0.0,0.0,0.0
DAL,2,very long,pass,44.0,38.0,36.0,38.64,55.26,41.67,16.6,-13.6,0.0,0.0,0.0,0.0,0.0
DAL,2,very long,run,16.0,17.0,17.0,43.75,17.65,35.29,-26.1,17.6,0.0,0.0,0.0,0.0,0.0
DAL,3,long,pass,54.0,41.0,47.0,33.33,29.270000000000003,23.400000000000002,-4.1,-5.9,33.33,31.71,23.400000000000002,-1.6,-8.3
DAL,3,long,run,1.0,5.0,4.0,0.0,60.0,25.0,60.0,-35.0,0.0,40.0,25.0,40.0,-15.0
DAL,3,medium,pass,65.0,72.0,70.0,33.85,59.72,37.14,25.9,-22.6,33.85,59.72,37.14,25.9,-22.6
DAL,3,medium,run,13.0,11.0,11.0,38.46,63.63999999999999,45.45,25.2,-18.2,38.46,54.55,45.45,16.1,-9.1
DAL,3,short,pass,31.0,44.0,23.0,54.84,43.18,60.870000000000005,-11.7,17.7,54.84,43.18,65.22,-11.7,22.0
DAL,3,short,run,57.0,34.0,31.0,77.19,88.24,70.97,11.0,-17.3,77.19,88.24,74.19,11.0,-14.0
DAL,3,very long,pass,32.0,27.0,34.0,34.38,44.440000000000005,20.59,10.1,-23.9,31.25,25.929999999999996,8.82,-5.3,-17.1
DAL,3,very long,run,5.0,8.0,7.0,40.0,25.0,28.57,-15.0,3.6,20.0,12.5,0.0,-7.5,-12.5
DAL,4,long,pass,,2.0,4.0,,0.0,0.0,,0.0,,0.0,0.0,,0.0
DAL,4,medium,pass,2.0,3.0,10.0,100.0,0.0,50.0,-100.0,50.0,100.0,0.0,50.0,-100.0,50.0
DAL,4,medium,run,1.0,,,100.0,,,,,100.0,,,,
DAL,4,short,pass,6.0,11.0,5.0,50.0,63.63999999999999,20.0,13.6,-43.6,50.0,63.63999999999999,20.0,13.6,-43.6
DAL,4,short,run,12.0,8.0,6.0,66.67,75.0,66.67,8.3,-8.3,66.67,75.0,66.67,8.3,-8.3
DAL,4,very long,pass,2.0,,3.0,0.0,,0.0,,,0.0,,0.0,,
DEN,1,long,pass,219.0,202.0,200.0,38.81,49.01,47.0,10.2,-2.0,0.0,0.0,0.0,0.0,0.0
DEN,1,long,run,203.0,191.0,220.0,34.48,32.46,36.36,-2.0,3.9,0.0,0.0,0.0,0.0,0.0
DEN,1,medium,pass,4.0,7.0,4.0,50.0,28.57,0.0,-21.4,-28.6,0.0,0.0,0.0,0.0,0.0
DEN,1,medium,run,7.0,5.0,9.0,42.86,60.0,66.67,17.1,6.7,0.0,0.0,0.0,0.0,0.0
DEN,1,short,pass,4.0,3.0,4.0,25.0,33.33,100.0,8.3,66.7,0.0,0.0,0.0,0.0,0.0
DEN,1,short,run,6.0,6.0,6.0,66.67,83.33,33.33,16.7,-50.0,0.0,0.0,0.0,0.0,0.0
DEN,1,very long,pass,13.0,8.0,9.0,38.46,37.5,33.33,-1.0,-4.2,0.0,0.0,0.0,0.0,0.0
DEN,1,very long,run,5.0,9.0,11.0,0.0,44.440000000000005,36.36,44.4,-8.1,0.0,0.0,0.0,0.0,0.0
DEN,2,long,pass,77.0,78.0,74.0,35.06,42.309999999999995,41.89,7.2,-0.4,0.0,0.0,0.0,0.0,0.0
DEN,2,long,run,59.0,51.0,38.0,22.03,39.22,31.580000000000002,17.2,-7.6,0.0,0.0,0.0,0.0,0.0
DEN,2,medium,pass,59.0,59.0,66.0,52.54,44.07,42.42,-8.5,-1.6,0.0,0.0,0.0,0.0,0.0
DEN,2,medium,run,43.0,53.0,67.0,55.81,45.28,47.760000000000005,-10.5,2.5,0.0,0.0,0.0,0.0,0.0
DEN,2,short,pass,18.0,16.0,18.0,66.67,50.0,33.33,-16.7,-16.7,0.0,0.0,0.0,0.0,0.0
DEN,2,short,run,35.0,30.0,39.0,54.290000000000006,46.67,48.72,-7.6,2.0,0.0,0.0,0.0,0.0,0.0
DEN,2,very long,pass,46.0,31.0,43.0,34.78,32.26,39.53,-2.5,7.3,0.0,0.0,0.0,0.0,0.0
DEN,2,very long,run,16.0,8.0,10.0,50.0,37.5,50.0,-12.5,12.5,0.0,0.0,0.0,0.0,0.0
DEN,3,long,pass,56.0,38.0,39.0,26.790000000000003,34.21,30.769999999999996,7.4,-3.4,23.21,31.580000000000002,28.21,8.4,-3.4
DEN,3,long,run,4.0,5.0,6.0,25.0,40.0,33.33,15.0,-6.7,25.0,20.0,33.33,-5.0,13.3
DEN,3,medium,pass,53.0,53.0,62.0,26.419999999999998,37.74,41.94,11.3,4.2,26.419999999999998,35.85,40.32,9.4,4.5
DEN,3,medium,run,12.0,9.0,11.0,41.67,66.67,36.36,25.0,-30.3,41.67,66.67,36.36,25.0,-30.3
DEN,3,short,pass,27.0,27.0,40.0,44.440000000000005,48.15,52.5,3.7,4.4,44.440000000000005,48.15,50.0,3.7,1.9
DEN,3,short,run,28.0,45.0,33.0,57.14,57.78,75.76,0.6,18.0,57.14,57.78,75.76,0.6,18.0
DEN,3,very long,pass,43.0,31.0,42.0,23.26,16.13,26.19,-7.1,10.1,11.63,12.9,14.29,1.3,1.4
DEN,3,very long,run,7.0,10.0,4.0,42.86,20.0,25.0,-22.9,5.0,14.29,0.0,0.0,-14.3,0.0
DEN,4,long,pass,4.0,2.0,3.0,0.0,100.0,33.33,100.0,-66.7,0.0,50.0,33.33,50.0,-16.7
DEN,4,long,run,1.0,,,0.0,,,,,0.0,,,,
DEN,4,medium,pass,3.0,,3.0,66.67,,33.33,,,66.67,,33.33,,
DEN,4,medium,run,1.0,,1.0,100.0,,100.0,,,100.0,,100.0,,
DEN,4,short,pass,6.0,5.0,9.0,33.33,40.0,88.89,6.7,48.9,33.33,40.0,88.89,6.7,48.9
DEN,4,short,run,8.0,12.0,6.0,75.0,83.33,83.33,8.3,0.0,87.5,83.33,83.33,-4.2,0.0
DEN,4,very long,pass,1.0,1.0,2.0,0.0,0.0,0.0,0.0,0.0,0.0,0.0,0.0,0.0,0.0
DET,1,long,pass,216.0,268.0,222.0,49.54,52.61,58.10999999999999,3.1,5.5,0.0,0.0,0.0,0.0,0.0
DET,1,long,run,216.0,262.0,261.0,36.57,39.31,40.23,2.7,0.9,0.0,0.0,0.0,0.0,0.0
DET,1,medium,pass,4.0,2.0,8.0,75.0,50.0,62.5,-25.0,12.5,0.0,0.0,0.0,0.0,0.0
DET,1,medium,run,11.0,19.0,13.0,54.55,42.11,69.23,-12.4,27.1,0.0,0.0,0.0,0.0,0.0
DET,1,short,pass,5.0,2.0,6.0,40.0,0.0,66.67,-40.0,66.7,0.0,0.0,0.0,0.0,0.0
DET,1,short,run,12.0,8.0,11.0,58.330000000000005,62.5,81.82000000000001,4.2,19.3,0.0,0.0,0.0,0.0,0.0
DET,1,very long,pass,6.0,8.0,6.0,50.0,37.5,50.0,-12.5,12.5,0.0,0.0,0.0,0.0,0.0
DET,1,very long,run,5.0,7.0,9.0,0.0,14.29,44.440000000000005,14.3,30.2,0.0,0.0,0.0,0.0,0.0
DET,2,long,pass,75.0,93.0,80.0,48.0,47.31,45.0,-0.7,-2.3,0.0,0.0,0.0,0.0,0.0
DET,2,long,run,58.0,56.0,52.0,31.03,23.21,36.54,-7.8,13.3,0.0,0.0,0.0,0.0,0.0
DET,2,medium,pass,60.0,71.0,59.0,56.67,54.93,61.019999999999996,-1.7,6.1,0.0,0.0,0.0,0.0,0.0
DET,2,medium,run,58.0,69.0,62.0,43.1,52.17,48.39,9.1,-3.8,0.0,0.0,0.0,0.0,0.0
DET,2,short,pass,33.0,42.0,32.0,66.67,52.38,68.75,-14.3,16.4,0.0,0.0,0.0,0.0,0.0
DET,2,short,run,29.0,43.0,44.0,68.97,62.79,63.63999999999999,-6.2,0.8,0.0,0.0,0.0,0.0,0.0
DET,2,very long,pass,32.0,44.0,38.0,31.25,56.82000000000001,47.370000000000005,25.6,-9.5,0.0,0.0,0.0,0.0,0.0
DET,2,very long,run,9.0,10.0,11.0,33.33,30.0,27.27,-3.3,-2.7,0.0,0.0,0.0,0.0,0.0
DET,3,long,pass,42.0,46.0,39.0,47.620000000000005,34.78,35.9,-12.8,1.1,45.24,28.26,33.33,-17.0,5.1
DET,3,long,run,6.0,5.0,6.0,33.33,40.0,33.33,6.7,-6.7,16.669999999999998,40.0,33.33,23.3,-6.7
DET,3,medium,pass,49.0,69.0,54.0,40.82,49.28,48.15,8.5,-1.1,40.82,49.28,48.15,8.5,-1.1
DET,3,medium,run,15.0,17.0,17.0,33.33,47.06,47.06,13.7,0.0,26.669999999999998,35.29,52.94,8.6,17.6
DET,3,short,pass,31.0,39.0,38.0,54.84,58.97,57.89,4.1,-1.1,54.84,58.97,57.89,4.1,-1.1
DET,3,short,run,27.0,38.0,35.0,62.96000000000001,52.629999999999995,62.86000000000001,-10.3,10.2,62.96000000000001,55.26,65.71000000000001,-7.7,10.5
DET,3,very long,pass,33.0,34.0,22.0,30.3,35.29,36.36,5.0,1.1,21.21,23.53,22.73,2.3,-0.8
DET,3,very long,run,7.0,6.0,2.0,42.86,33.33,50.0,-9.5,16.7,14.29,16.669999999999998,50.0,2.4,33.3
DET,4,long,pass,2.0,4.0,3.0,50.0,0.0,33.33,-50.0,33.3,50.0,0.0,33.33,-50.0,33.3
DET,4,long,run,1.0,,,100.0,,,,,100.0,,,,
DET,4,medium,pass,5.0,9.0,4.0,20.0,22.220000000000002,100.0,2.2,77.8,20.0,22.220000000000002,100.0,2.2,77.8
DET,4,medium,run,,2.0,2.0,,50.0,0.0,,-50.0,,50.0,0.0,,-50.0
DET,4,short,pass,18.0,18.0,11.0,55.559999999999995,66.67,63.63999999999999,11.1,-3.0,55.559999999999995,66.67,63.63999999999999,11.1,-3.0
DET,4,short,run,11.0,10.0,14.0,63.63999999999999,90.0,78.57,26.4,-11.4,63.63999999999999,90.0,78.57,26.4,-11.4
DET,4,very long,pass,,2.0,1.0,,0.0,100.0,,100.0,,0.0,100.0,,100.0
GB,1,long,pass,194.0,228.0,159.0,44.85,48.68,49.059999999999995,3.8,0.4,0.0,0.0,0.0,0.0,0.0
GB,1,long,run,228.0,234.0,261.0,40.35,35.04,36.78,-5.3,1.7,0.0,0.0,0.0,0.0,0.0
GB,1,medium,pass,5.0,2.0,4.0,40.0,50.0,25.0,10.0,-25.0,0.0,0.0,0.0,0.0,0.0
GB,1,medium,run,6.0,9.0,17.0,50.0,44.440000000000005,47.06,-5.6,2.6,0.0,0.0,0.0,0.0,0.0
GB,1,short,pass,1.0,1.0,2.0,0.0,0.0,50.0,0.0,50.0,0.0,0.0,0.0,0.0,0.0
GB,1,short,run,3.0,7.0,12.0,33.33,28.57,66.67,-4.8,38.1,0.0,0.0,0.0,0.0,0.0
GB,1,very long,pass,13.0,12.0,17.0,30.769999999999996,66.67,47.06,35.9,-19.6,0.0,0.0,0.0,0.0,0.0
GB,1,very long,run,4.0,3.0,10.0,25.0,0.0,50.0,-25.0,50.0,0.0,0.0,0.0,0.0,0.0
GB,2,long,pass,84.0,89.0,62.0,42.86,39.33,51.61,-3.5,12.3,0.0,0.0,0.0,0.0,0.0
GB,2,long,run,47.0,48.0,49.0,44.68,41.67,34.69,-3.0,-7.0,0.0,0.0,0.0,0.0,0.0
GB,2,medium,pass,56.0,67.0,62.0,50.0,47.760000000000005,51.61,-2.2,3.8,0.0,0.0,0.0,0.0,0.0
GB,2,medium,run,57.0,69.0,75.0,52.629999999999995,46.379999999999995,44.0,-6.2,-2.4,0.0,0.0,0.0,0.0,0.0
GB,2,short,pass,32.0,24.0,22.0,65.62,54.169999999999995,50.0,-11.5,-4.2,0.0,0.0,0.0,0.0,0.0
GB,2,short,run,35.0,40.0,47.0,71.43,57.49999999999999,68.08999999999999,-13.9,10.6,0.0,0.0,0.0,0.0,0.0
GB,2,very long,pass,33.0,35.0,47.0,51.519999999999996,37.14,44.68,-14.4,7.5,0.0,0.0,0.0,0.0,0.0
GB,2,very long,run,6.0,11.0,7.0,66.67,45.45,57.14,-21.2,11.7,0.0,0.0,0.0,0.0,0.0
GB,3,long,pass,38.0,42.0,28.0,34.21,33.33,25.0,-0.9,-8.3,31.580000000000002,33.33,25.0,1.7,-8.3
GB,3,long,run,4.0,4.0,5.0,75.0,50.0,0.0,-25.0,-50.0,50.0,50.0,0.0,0.0,-50.0
GB,3,medium,pass,59.0,78.0,67.0,42.370000000000005,50.0,38.81,7.6,-11.2,37.29,48.72,37.31,11.4,-11.4
GB,3,medium,run,7.0,3.0,9.0,28.57,33.33,66.67,4.8,33.3,28.57,33.33,66.67,4.8,33.3
GB,3,short,pass,36.0,36.0,29.0,50.0,72.22,48.28,22.2,-23.9,50.0,72.22,48.28,22.2,-23.9
GB,3,short,run,31.0,45.0,34.0,67.74,66.67,61.760000000000005,-1.1,-4.9,67.74,66.67,64.71000000000001,-1.1,-2.0
GB,3,very long,pass,21.0,31.0,29.0,23.810000000000002,29.03,37.93,5.2,8.9,4.760000000000001,22.58,24.14,17.8,1.6
GB,3,very long,run,2.0,6.0,3.0,50.0,16.669999999999998,66.67,-33.3,50.0,50.0,0.0,33.33,-50.0,33.3
GB,4,long,pass,1.0,3.0,2.0,0.0,33.33,0.0,33.3,-33.3,0.0,33.33,0.0,33.3,-33.3
GB,4,medium,pass,4.0,2.0,1.0,75.0,50.0,100.0,-25.0,50.0,75.0,50.0,100.0,-25.0,50.0
GB,4,medium,run,,1.0,1.0,,0.0,0.0,,0.0,,0.0,0.0,,0.0
GB,4,short,pass,14.0,13.0,5.0,21.43,61.53999999999999,60.0,40.1,-1.5,21.43,61.53999999999999,60.0,40.1,-1.5
GB,4,short,run,11.0,5.0,9.0,54.55,60.0,55.559999999999995,5.5,-4.4,54.55,60.0,55.559999999999995,5.5,-4.4
GB,4,very long,pass,1.0,1.0,,0.0,0.0,,0.0,,0.0,0.0,,0.0,
GB,4,very long,run,,1.0,,,0.0,,,,,0.0,,,
HOU,1,long,pass,211.0,215.0,229.0,47.39,48.84,45.410000000000004,1.5,-3.4,0.0,0.0,0.0,0.0,0.0
HOU,1,long,run,183.0,242.0,241.0,33.879999999999995,34.300000000000004,28.63,0.4,-5.7,0.0,0.0,0.0,0.0,0.0
HOU,1,medium,pass,4.0,2.0,2.0,50.0,50.0,50.0,0.0,0.0,0.0,0.0,0.0,0.0,0.0
HOU,1,medium,run,7.0,8.0,7.0,14.29,37.5,42.86,23.2,5.4,0.0,0.0,0.0,0.0,0.0
HOU,1,short,pass,2.0,3.0,2.0,50.0,0.0,0.0,-50.0,0.0,0.0,0.0,0.0,0.0,0.0
HOU,1,short,run,4.0,9.0,6.0,50.0,22.220000000000002,50.0,-27.8,27.8,0.0,0.0,0.0,0.0,0.0
HOU,1,very long,pass,10.0,8.0,13.0,20.0,50.0,46.150000000000006,30.0,-3.8,0.0,0.0,0.0,0.0,0.0
HOU,1,very long,run,5.0,14.0,8.0,0.0,28.57,50.0,28.6,21.4,0.0,0.0,0.0,0.0,0.0
HOU,2,long,pass,83.0,92.0,92.0,31.330000000000002,43.480000000000004,34.78,12.2,-8.7,0.0,0.0,0.0,0.0,0.0
HOU,2,long,run,45.0,49.0,68.0,15.559999999999999,24.490000000000002,30.880000000000003,8.9,6.4,0.0,0.0,0.0,0.0,0.0
HOU,2,medium,pass,60.0,69.0,53.0,43.33,55.06999999999999,43.4,11.7,-11.7,0.0,0.0,0.0,0.0,0.0
HOU,2,medium,run,50.0,48.0,54.0,46.0,29.17,46.300000000000004,-16.8,17.1,0.0,0.0,0.0,0.0,0.0
HOU,2,short,pass,27.0,26.0,22.0,44.440000000000005,50.0,36.36,5.6,-13.6,0.0,0.0,0.0,0.0,0.0
HOU,2,short,run,25.0,36.0,30.0,68.0,55.559999999999995,53.33,-12.4,-2.2,0.0,0.0,0.0,0.0,0.0
HOU,2,very long,pass,32.0,52.0,52.0,21.88,34.62,36.54,12.7,1.9,0.0,0.0,0.0,0.0,0.0
HOU,2,very long,run,11.0,15.0,15.0,18.18,26.669999999999998,46.67,8.5,20.0,0.0,0.0,0.0,0.0,0.0
HOU,3,long,pass,62.0,53.0,50.0,20.97,37.74,26.0,16.8,-11.7,20.97,33.96,26.0,13.0,-8.0
HOU,3,long,run,1.0,6.0,8.0,0.0,0.0,25.0,0.0,25.0,0.0,0.0,12.5,0.0,12.5
HOU,3,medium,pass,56.0,64.0,69.0,32.14,48.44,43.480000000000004,16.3,-5.0,32.14,46.88,43.480000000000004,14.7,-3.4
HOU,3,medium,run,6.0,5.0,4.0,33.33,20.0,50.0,-13.3,30.0,33.33,20.0,50.0,-13.3,30.0
HOU,3,short,pass,21.0,39.0,44.0,42.86,48.72,56.82000000000001,5.9,8.1,42.86,51.28,54.55,8.4,3.3
HOU,3,short,run,38.0,26.0,23.0,65.79,57.69,69.57,-8.1,11.9,63.160000000000004,57.69,73.91,-5.5,16.2
HOU,3,very long,pass,31.0,51.0,54.0,6.45,23.53,37.04,17.1,13.5,3.2300000000000004,19.61,27.779999999999998,16.4,8.2
HOU,3,very long,run,6.0,6.0,9.0,0.0,33.33,33.33,33.3,0.0,0.0,0.0,0.0,0.0,0.0
HOU,4,long,pass,1.0,3.0,1.0,100.0,66.67,0.0,-33.3,-66.7,100.0,66.67,0.0,-33.3,-66.7
HOU,4,medium,pass,5.0,3.0,2.0,60.0,0.0,0.0,-60.0,0.0,60.0,0.0,0.0,-60.0,0.0
HOU,4,short,pass,5.0,7.0,9.0,40.0,28.57,66.67,-11.4,38.1,40.0,28.57,66.67,-11.4,38.1
HOU,4,short,run,9.0,8.0,8.0,55.559999999999995,50.0,87.5,-5.6,37.5,55.559999999999995,50.0,87.5,-5.6,37.5
HOU,4,very long,pass,6.0,1.0,1.0,33.33,0.0,0.0,-33.3,0.0,33.33,0.0,0.0,-33.3,0.0
IND,1,long,pass,210.0,186.0,183.0,42.86,43.01,44.81,0.1,1.8,0.0,0.0,0.0,0.0,0.0
IND,1,long,run,226.0,234.0,233.0,32.300000000000004,32.910000000000004,35.19,0.6,2.3,0.0,0.0,0.0,0.0,0.0
IND,1,medium,pass,4.0,7.0,5.0,0.0,42.86,40.0,42.9,-2.9,0.0,0.0,0.0,0.0,0.0
IND,1,medium,run,8.0,10.0,10.0,25.0,60.0,40.0,35.0,-20.0,0.0,0.0,0.0,0.0,0.0
IND,1,short,pass,1.0,1.0,,100.0,0.0,,-100.0,,0.0,0.0,,0.0,
IND,1,short,run,6.0,6.0,6.0,50.0,66.67,33.33,16.7,-33.3,0.0,0.0,0.0,0.0,0.0
IND,1,very long,pass,13.0,14.0,12.0,53.849999999999994,7.140000000000001,33.33,-46.7,26.2,0.0,0.0,0.0,0.0,0.0
IND,1,very long,run,3.0,2.0,5.0,33.33,50.0,80.0,16.7,30.0,0.0,0.0,0.0,0.0,0.0
IND,2,long,pass,109.0,111.0,100.0,38.53,45.050000000000004,40.0,6.5,-5.1,0.0,0.0,0.0,0.0,0.0
IND,2,long,run,46.0,36.0,35.0,34.78,27.779999999999998,28.57,-7.0,0.8,0.0,0.0,0.0,0.0,0.0
IND,2,medium,pass,67.0,58.0,39.0,46.27,51.72,43.59,5.4,-8.1,0.0,0.0,0.0,0.0,0.0
IND,2,medium,run,46.0,60.0,62.0,45.65,45.0,43.55,-0.6,-1.5,0.0,0.0,0.0,0.0,0.0
IND,2,short,pass,15.0,15.0,10.0,60.0,53.33,60.0,-6.7,6.7,0.0,0.0,0.0,0.0,0.0
IND,2,short,run,31.0,34.0,41.0,54.84,52.94,41.46,-1.9,-11.5,0.0,0.0,0.0,0.0,0.0
IND,2,very long,pass,45.0,38.0,36.0,57.78,47.370000000000005,33.33,-10.4,-14.0,0.0,0.0,0.0,0.0,0.0
IND,2,very long,run,11.0,7.0,6.0,54.55,28.57,50.0,-26.0,21.4,0.0,0.0,0.0,0.0,0.0
IND,3,long,pass,38.0,47.0,43.0,36.84,17.02,34.88,-19.8,17.9,34.21,14.89,34.88,-19.3,20.0
IND,3,long,run,1.0,3.0,14.0,0.0,33.33,35.709999999999994,33.3,2.4,0.0,0.0,35.709999999999994,0.0,35.7
IND,3,medium,pass,75.0,59.0,52.0,30.669999999999998,44.07,34.62,13.4,-9.5,28.000000000000004,42.370000000000005,34.62,14.4,-7.8
IND,3,medium,run,8.0,16.0,13.0,25.0,37.5,30.769999999999996,12.5,-6.7,12.5,31.25,30.769999999999996,18.8,-0.5
IND,3,short,pass,37.0,26.0,23.0,45.95,50.0,47.83,4.0,-2.2,48.65,50.0,47.83,1.4,-2.2
IND,3,short,run,32.0,46.0,42.0,56.25,56.52,64.29,0.3,7.8,56.25,58.699999999999996,64.29,2.4,5.6
IND,3,very long,pass,33.0,28.0,23.0,18.18,28.57,21.740000000000002,10.4,-6.8,12.120000000000001,17.86,13.04,5.7,-4.8
IND,3,very long,run,4.0,6.0,8.0,0.0,16.669999999999998,12.5,16.7,-4.2,0.0,0.0,0.0,0.0,0.0
IND,4,long,pass,1.0,1.0,2.0,0.0,0.0,100.0,0.0,100.0,0.0,0.0,100.0,0.0,100.0
IND,4,medium,pass,5.0,8.0,5.0,60.0,37.5,20.0,-22.5,-17.5,60.0,37.5,20.0,-22.5,-17.5
IND,4,medium,run,,1.0,,,100.0,,,,,100.0,,,
IND,4,short,pass,8.0,13.0,9.0,50.0,69.23,44.440000000000005,19.2,-24.8,50.0,69.23,44.440000000000005,19.2,-24.8
IND,4,short,run,10.0,6.0,10.0,50.0,50.0,80.0,0.0,30.0,50.0,50.0,80.0,0.0,30.0
IND,4,very long,pass,2.0,3.0,1.0,0.0,0.0,100.0,0.0,100.0,0.0,0.0,100.0,0.0,100.0
IND,4,very long,run,,,1.0,,,100.0,,,,,100.0,,
JAX,1,long,pass,233.0,210.0,180.0,53.22,50.480000000000004,45.56,-2.7,-4.9,0.0,0.0,0.0,0.0,0.0
JAX,1,long,run,249.0,226.0,211.0,38.15,30.97,34.599999999999994,-7.2,3.6,0.0,0.0,0.0,0.0,0.0
JAX,1,medium,pass,3.0,6.0,8.0,33.33,16.669999999999998,37.5,-16.7,20.8,0.0,0.0,0.0,0.0,0.0
JAX,1,medium,run,7.0,5.0,6.0,28.57,40.0,33.33,11.4,-6.7,0.0,0.0,0.0,0.0,0.0
JAX,1,short,pass,2.0,2.0,2.0,0.0,50.0,100.0,50.0,50.0,0.0,0.0,0.0,0.0,0.0
JAX,1,short,run,12.0,10.0,8.0,41.67,60.0,12.5,18.3,-47.5,0.0,0.0,0.0,0.0,0.0
JAX,1,very long,pass,19.0,14.0,8.0,36.84,78.57,25.0,41.7,-53.6,0.0,0.0,0.0,0.0,0.0
JAX,1,very long,run,2.0,3.0,4.0,50.0,33.33,0.0,-16.7,-33.3,0.0,0.0,0.0,0.0,0.0
JAX,2,long,pass,101.0,104.0,94.0,44.55,47.12,42.55,2.6,-4.6,0.0,0.0,0.0,0.0,0.0
JAX,2,long,run,33.0,35.0,26.0,39.39,34.29,38.46,-5.1,4.2,0.0,0.0,0.0,0.0,0.0
JAX,2,medium,pass,70.0,63.0,66.0,55.71,55.559999999999995,46.97,-0.2,-8.6,0.0,0.0,0.0,0.0,0.0
JAX,2,medium,run,56.0,53.0,47.0,50.0,39.62,42.55,-10.4,2.9,0.0,0.0,0.0,0.0,0.0
JAX,2,short,pass,25.0,27.0,14.0,60.0,22.220000000000002,64.29,-37.8,42.1,0.0,0.0,0.0,0.0,0.0
JAX,2,short,run,41.0,31.0,30.0,56.10000000000001,51.61,60.0,-4.5,8.4,0.0,0.0,0.0,0.0,0.0
JAX,2,very long,pass,59.0,46.0,41.0,57.63,36.96,43.9,-20.7,6.9,0.0,0.0,0.0,0.0,0.0
JAX,2,very long,run,9.0,8.0,9.0,33.33,25.0,11.110000000000001,-8.3,-13.9,0.0,0.0,0.0,0.0,0.0
JAX,3,long,pass,46.0,37.0,40.0,36.96,18.92,25.0,-18.0,6.1,34.78,18.92,25.0,-15.9,6.1
JAX,3,long,run,6.0,5.0,5.0,50.0,0.0,40.0,-50.0,40.0,50.0,0.0,40.0,-50.0,40.0
JAX,3,medium,pass,70.0,68.0,57.0,40.0,54.410000000000004,42.11,14.4,-12.3,40.0,52.94,42.11,12.9,-10.8
JAX,3,medium,run,10.0,14.0,6.0,50.0,35.709999999999994,66.67,-14.3,31.0,40.0,28.57,66.67,-11.4,38.1
JAX,3,short,pass,38.0,40.0,23.0,55.26,50.0,43.480000000000004,-5.3,-6.5,55.26,50.0,43.480000000000004,-5.3,-6.5
JAX,3,short,run,36.0,29.0,36.0,61.11,55.169999999999995,61.11,-5.9,5.9,63.89,55.169999999999995,61.11,-8.7,5.9
JAX,3,very long,pass,27.0,26.0,31.0,33.33,26.919999999999998,19.35,-6.4,-7.6,14.81,15.379999999999999,9.68,0.6,-5.7
JAX,3,very long,run,4.0,5.0,6.0,0.0,0.0,33.33,0.0,33.3,0.0,0.0,16.669999999999998,0.0,16.7
JAX,4,long,pass,2.0,1.0,3.0,50.0,0.0,33.33,-50.0,33.3,50.0,0.0,33.33,-50.0,33.3
JAX,4,medium,pass,5.0,3.0,2.0,20.0,33.33,50.0,13.3,16.7,20.0,33.33,50.0,13.3,16.7
JAX,4,medium,run,1.0,2.0,,0.0,50.0,,50.0,,0.0,50.0,,50.0,
JAX,4,short,pass,10.0,9.0,4.0,60.0,55.559999999999995,25.0,-4.4,-30.6,60.0,55.559999999999995,25.0,-4.4,-30.6
JAX,4,short,run,11.0,9.0,13.0,63.63999999999999,66.67,76.92,3.0,10.2,63.63999999999999,66.67,76.92,3.0,10.2
JAX,4,very long,pass,1.0,5.0,4.0,100.0,0.0,50.0,-100.0,50.0,100.0,0.0,25.0,-100.0,25.0
KC,1,long,pass,283.0,279.0,246.0,54.42,45.879999999999995,50.81,-8.5,4.9,0.0,0.0,0.0,0.0,0.0
KC,1,long,run,256.0,263.0,242.0,40.62,29.28,40.08,-11.3,10.8,0.0,0.0,0.0,0.0,0.0
KC,1,medium,pass,9.0,10.0,5.0,77.78,40.0,60.0,-37.8,20.0,0.0,0.0,0.0,0.0,0.0
KC,1,medium,run,6.0,9.0,8.0,50.0,44.440000000000005,62.5,-5.6,18.1,0.0,0.0,0.0,0.0,0.0
KC,1,short,pass,8.0,5.0,3.0,62.5,60.0,0.0,-2.5,-60.0,0.0,0.0,0.0,0.0,0.0
KC,1,short,run,11.0,10.0,11.0,54.55,70.0,63.63999999999999,15.5,-6.4,0.0,0.0,0.0,0.0,0.0
KC,1,very long,pass,15.0,11.0,14.0,40.0,27.27,21.43,-12.7,-5.8,0.0,0.0,0.0,0.0,0.0
KC,1,very long,run,,5.0,3.0,,20.0,66.67,,46.7,,0.0,0.0,,0.0
KC,2,long,pass,123.0,124.0,98.0,49.59,51.61,45.92,2.0,-5.7,0.0,0.0,0.0,0.0,0.0
KC,2,long,run,37.0,46.0,44.0,37.84,34.78,27.27,-3.1,-7.5,0.0,0.0,0.0,0.0,0.0
KC,2,medium,pass,105.0,88.0,89.0,61.9,56.82000000000001,49.44,-5.1,-7.4,0.0,0.0,0.0,0.0,0.0
KC,2,medium,run,43.0,59.0,56.0,53.49,45.76,51.790000000000006,-7.7,6.0,0.0,0.0,0.0,0.0,0.0
KC,2,short,pass,36.0,20.0,34.0,47.22,40.0,64.71000000000001,-7.2,24.7,0.0,0.0,0.0,0.0,0.0
KC,2,short,run,56.0,37.0,42.0,53.56999999999999,59.46,57.14,5.9,-2.3,0.0,0.0,0.0,0.0,0.0
KC,2,very long,pass,24.0,48.0,43.0,45.83,35.42,34.88,-10.4,-0.5,0.0,0.0,0.0,0.0,0.0
KC,2,very long,run,12.0,12.0,9.0,41.67,25.0,22.220000000000002,-16.7,-2.8,0.0,0.0,0.0,0.0,0.0
KC,3,long,pass,36.0,51.0,45.0,41.67,39.22,31.11,-2.5,-8.1,41.67,35.29,31.11,-6.4,-4.2
KC,3,long,run,7.0,5.0,5.0,57.14,40.0,80.0,-17.1,40.0,57.14,20.0,60.0,-37.1,40.0
KC,3,medium,pass,65.0,68.0,68.0,52.31,42.65,64.71000000000001,-9.7,22.1,53.849999999999994,42.65,64.71000000000001,-11.2,22.1
KC,3,medium,run,9.0,8.0,10.0,66.67,75.0,50.0,8.3,-25.0,66.67,75.0,50.0,8.3,-25.0
KC,3,short,pass,51.0,55.0,45.0,50.980000000000004,58.18,48.89,7.2,-9.3,50.980000000000004,58.18,48.89,7.2,-9.3
KC,3,short,run,29.0,36.0,38.0,58.620000000000005,63.89,71.05,5.3,7.2,58.620000000000005,63.89,71.05,5.3,7.2
KC,3,very long,pass,23.0,43.0,36.0,43.480000000000004,30.23,27.779999999999998,-13.3,-2.5,30.43,18.6,16.669999999999998,-11.8,-1.9
KC,3,very long,run,5.0,6.0,8.0,40.0,66.67,50.0,26.7,-16.7,20.0,50.0,25.0,30.0,-25.0
KC,4,long,pass,,1.0,,,0.0,,,,,0.0,,,
KC,4,medium,pass,1.0,3.0,3.0,100.0,33.33,33.33,-66.7,0.0,100.0,33.33,33.33,-66.7,0.0
KC,4,medium,run,,2.0,,,100.0,,,,,100.0,,,
KC,4,short,pass,7.0,5.0,3.0,71.43,80.0,66.67,8.6,-13.3,71.43,80.0,66.67,8.6,-13.3
KC,4,short,run,4.0,8.0,13.0,100.0,75.0,84.61999999999999,-25.0,9.6,100.0,75.0,84.61999999999999,-25.0,9.6
KC,4,very long,pass,1.0,4.0,1.0,0.0,0.0,0.0,0.0,0.0,0.0,0.0,0.0,0.0,0.0
KC,4,very long,run,,,1.0,,,0.0,,,,,0.0,,
LA,1,long,pass,197.0,214.0,256.0,46.7,50.470000000000006,52.73,3.8,2.3,0.0,0.0,0.0,0.0,0.0
LA,1,long,run,196.0,248.0,216.0,29.080000000000002,40.32,40.739999999999995,11.2,0.4,0.0,0.0,0.0,0.0,0.0
LA,1,medium,pass,4.0,6.0,5.0,50.0,16.669999999999998,60.0,-33.3,43.3,0.0,0.0,0.0,0.0,0.0
LA,1,medium,run,6.0,9.0,13.0,66.67,33.33,30.769999999999996,-33.3,-2.6,0.0,0.0,0.0,0.0,0.0
LA,1,short,pass,2.0,1.0,2.0,0.0,0.0,100.0,0.0,100.0,0.0,0.0,0.0,0.0,0.0
LA,1,short,run,5.0,9.0,10.0,60.0,66.67,60.0,6.7,-6.7,0.0,0.0,0.0,0.0,0.0
LA,1,very long,pass,5.0,9.0,6.0,80.0,33.33,16.669999999999998,-46.7,-16.7,0.0,0.0,0.0,0.0,0.0
LA,1,very long,run,7.0,8.0,7.0,28.57,25.0,28.57,-3.6,3.6,0.0,0.0,0.0,0.0,0.0
LA,2,long,pass,81.0,87.0,95.0,34.57,34.48,49.47,-0.1,15.0,0.0,0.0,0.0,0.0,0.0
LA,2,long,run,31.0,37.0,45.0,35.480000000000004,40.54,33.33,5.1,-7.2,0.0,0.0,0.0,0.0,0.0
LA,2,medium,pass,80.0,81.0,57.0,48.75,50.62,64.91,1.9,14.3,0.0,0.0,0.0,0.0,0.0
LA,2,medium,run,47.0,61.0,44.0,46.81,42.620000000000005,40.910000000000004,-4.2,-1.7,0.0,0.0,0.0,0.0,0.0
LA,2,short,pass,24.0,23.0,31.0,66.67,65.22,45.16,-1.5,-20.1,0.0,0.0,0.0,0.0,0.0
LA,2,short,run,23.0,39.0,51.0,52.17,51.28,50.980000000000004,-0.9,-0.3,0.0,0.0,0.0,0.0,0.0
LA,2,very long,pass,30.0,39.0,35.0,40.0,43.59,48.57,3.6,5.0,0.0,0.0,0.0,0.0,0.0
LA,2,very long,run,18.0,14.0,22.0,16.669999999999998,21.43,36.36,4.8,14.9,0.0,0.0,0.0,0.0,0.0
LA,3,long,pass,31.0,49.0,37.0,22.58,36.730000000000004,40.54,14.2,3.8,22.58,34.69,37.84,12.1,3.2
LA,3,long,run,7.0,5.0,3.0,42.86,0.0,33.33,-42.9,33.3,42.86,0.0,33.33,-42.9,33.3
LA,3,medium,pass,53.0,64.0,68.0,39.62,42.19,39.71,2.6,-2.5,41.510000000000005,42.19,38.24,0.7,-3.9
LA,3,medium,run,11.0,9.0,8.0,45.45,66.67,25.0,21.2,-41.7,54.55,55.559999999999995,12.5,1.0,-43.1
LA,3,short,pass,32.0,35.0,37.0,56.25,45.71,32.43,-10.5,-13.3,56.25,45.71,32.43,-10.5,-13.3
LA,3,short,run,26.0,33.0,35.0,76.92,75.76,80.0,-1.2,4.2,76.92,75.76,80.0,-1.2,4.2
LA,3,very long,pass,40.0,29.0,24.0,20.0,34.48,20.830000000000002,14.5,-13.6,15.0,27.589999999999996,0.0,12.6,-27.6
LA,3,very long,run,12.0,9.0,10.0,8.33,33.33,30.0,25.0,-3.3,8.33,0.0,0.0,-8.3,0.0
LA,4,long,pass,1.0,,,100.0,,,,,100.0,,,,
LA,4,medium,pass,2.0,3.0,7.0,100.0,66.67,28.57,-33.3,-38.1,100.0,66.67,28.57,-33.3,-38.1
LA,4,medium,run,1.0,,1.0,0.0,,100.0,,,0.0,,100.0,,
LA,4,short,pass,4.0,11.0,6.0,100.0,63.63999999999999,66.67,-36.4,3.0,100.0,63.63999999999999,66.67,-36.4,3.0
LA,4,short,run,9.0,7.0,11.0,88.89,71.43,90.91,-17.5,19.5,88.89,71.43,90.91,-17.5,19.5
LA,4,very long,pass,2.0,1.0,1.0,0.0,0.0,0.0,0.0,0.0,0.0,0.0,0.0,0.0,0.0
LAC,1,long,pass,247.0,218.0,187.0,47.77,44.04,51.339999999999996,-3.7,7.3,0.0,0.0,0.0,0.0,0.0
LAC,1,long,run,215.0,204.0,236.0,31.16,28.43,30.509999999999998,-2.7,2.1,0.0,0.0,0.0,0.0,0.0
LAC,1,medium,pass,4.0,6.0,4.0,25.0,50.0,25.0,25.0,-25.0,0.0,0.0,0.0,0.0,0.0
LAC,1,medium,run,12.0,8.0,9.0,41.67,37.5,11.110000000000001,-4.2,-26.4,0.0,0.0,0.0,0.0,0.0
LAC,1,short,pass,6.0,4.0,1.0,33.33,25.0,0.0,-8.3,-25.0,0.0,0.0,0.0,0.0,0.0
LAC,1,short,run,5.0,4.0,5.0,80.0,75.0,60.0,-5.0,-15.0,0.0,0.0,0.0,0.0,0.0
LAC,1,very long,pass,15.0,14.0,8.0,53.33,57.14,37.5,3.8,-19.6,0.0,0.0,0.0,0.0,0.0
LAC,1,very long,run,3.0,3.0,3.0,0.0,33.33,0.0,33.3,-33.3,0.0,0.0,0.0,0.0,0.0
LAC,2,long,pass,117.0,95.0,102.0,49.57,44.21,35.29,-5.4,-8.9,0.0,0.0,0.0,0.0,0.0
LAC,2,long,run,28.0,41.0,25.0,32.14,29.270000000000003,44.0,-2.9,14.7,0.0,0.0,0.0,0.0,0.0
LAC,2,medium,pass,79.0,70.0,65.0,46.839999999999996,52.86,53.849999999999994,6.0,1.0,0.0,0.0,0.0,0.0,0.0
LAC,2,medium,run,47.0,53.0,50.0,38.3,39.62,50.0,1.3,10.4,0.0,0.0,0.0,0.0,0.0
LAC,2,short,pass,33.0,22.0,11.0,48.480000000000004,45.45,36.36,-3.0,-9.1,0.0,0.0,0.0,0.0,0.0
LAC,2,short,run,25.0,38.0,41.0,48.0,57.89,46.339999999999996,9.9,-11.6,0.0,0.0,0.0,0.0,0.0
LAC,2,very long,pass,59.0,41.0,45.0,30.509999999999998,39.019999999999996,44.440000000000005,8.5,5.4,0.0,0.0,0.0,0.0,0.0
LAC,2,very long,run,8.0,6.0,10.0,50.0,66.67,20.0,16.7,-46.7,0.0,0.0,0.0,0.0,0.0
LAC,3,long,pass,45.0,42.0,46.0,31.11,28.57,30.43,-2.5,1.9,26.669999999999998,28.57,30.43,1.9,1.9
LAC,3,long,run,3.0,6.0,7.0,66.67,50.0,28.57,-16.7,-21.4,66.67,33.33,28.57,-33.3,-4.8
LAC,3,medium,pass,77.0,70.0,64.0,49.35,42.86,39.06,-6.5,-3.8,49.35,42.86,39.06,-6.5,-3.8
LAC,3,medium,run,7.0,9.0,3.0,71.43,55.559999999999995,33.33,-15.9,-22.2,28.57,55.559999999999995,33.33,27.0,-22.2
LAC,3,short,pass,46.0,42.0,12.0,50.0,47.620000000000005,66.67,-2.4,19.0,50.0,47.620000000000005,66.67,-2.4,19.0
LAC,3,short,run,47.0,35.0,54.0,74.47,51.43,68.52000000000001,-23.0,17.1,72.34,51.43,68.52000000000001,-20.9,17.1
LAC,3,very long,pass,47.0,29.0,31.0,36.17,24.14,22.58,-12.0,-1.6,19.15,13.79,16.13,-5.4,2.3
LAC,3,very long,run,,3.0,11.0,,33.33,18.18,,-15.2,,0.0,0.0,,0.0
LAC,4,long,pass,1.0,1.0,1.0,0.0,0.0,100.0,0.0,100.0,0.0,0.0,100.0,0.0,100.0
LAC,4,long,run,,,1.0,,,0.0,,,,,0.0,,
LAC,4,medium,pass,3.0,6.0,3.0,66.67,66.67,0.0,0.0,-66.7,66.67,66.67,0.0,0.0,-66.7
LAC,4,short,pass,12.0,10.0,5.0,50.0,50.0,60.0,0.0,10.0,50.0,50.0,60.0,0.0,10.0
LAC,4,short,run,9.0,11.0,5.0,66.67,45.45,100.0,-21.2,54.6,66.67,45.45,100.0,-21.2,54.6
LAC,4,very long,pass,3.0,4.0,2.0,33.33,25.0,50.0,-8.3,25.0,33.33,25.0,50.0,-8.3,25.0
LV,1,long,pass,191.0,205.0,250.0,43.980000000000004,45.85,46.0,1.9,0.1,0.0,0.0,0.0,0.0,0.0
LV,1,long,run,222.0,191.0,162.0,42.79,29.32,27.16,-13.5,-2.2,0.0,0.0,0.0,0.0,0.0
LV,1,medium,pass,6.0,1.0,7.0,66.67,0.0,42.86,-66.7,42.9,0.0,0.0,0.0,0.0,0.0
LV,1,medium,run,11.0,7.0,5.0,27.27,28.57,60.0,1.3,31.4,0.0,0.0,0.0,0.0,0.0
LV,1,short,pass,3.0,2.0,4.0,33.33,0.0,50.0,-33.3,50.0,0.0,0.0,0.0,0.0,0.0
LV,1,short,run,5.0,6.0,8.0,40.0,66.67,62.5,26.7,-4.2,0.0,0.0,0.0,0.0,0.0
LV,1,very long,pass,21.0,9.0,10.0,33.33,22.220000000000002,60.0,-11.1,37.8,0.0,0.0,0.0,0.0,0.0
LV,1,very long,run,5.0,5.0,9.0,40.0,60.0,44.440000000000005,20.0,-15.6,0.0,0.0,0.0,0.0,0.0
LV,2,long,pass,83.0,81.0,92.0,40.96,50.62,48.91,9.7,-1.7,0.0,0.0,0.0,0.0,0.0
LV,2,long,run,27.0,37.0,49.0,40.739999999999995,27.029999999999998,24.490000000000002,-13.7,-2.5,0.0,0.0,0.0,0.0,0.0
LV,2,medium,pass,66.0,59.0,64.0,46.97,44.07,40.62,-2.9,-3.5,0.0,0.0,0.0,0.0,0.0
LV,2,medium,run,50.0,58.0,35.0,56.00000000000001,37.93,37.14,-18.1,-0.8,0.0,0.0,0.0,0.0,0.0
LV,2,short,pass,12.0,13.0,23.0,41.67,69.23,52.17,27.6,-17.1,0.0,0.0,0.0,0.0,0.0
LV,2,short,run,46.0,35.0,29.0,47.83,57.14,55.169999999999995,9.3,-2.0,0.0,0.0,0.0,0.0,0.0
LV,2,very long,pass,54.0,41.0,40.0,31.480000000000004,41.46,35.0,10.0,-6.5,0.0,0.0,0.0,0.0,0.0
LV,2,very long,run,9.0,7.0,15.0,33.33,42.86,20.0,9.5,-22.9,0.0,0.0,0.0,0.0,0.0
LV,3,long,pass,38.0,31.0,46.0,36.84,35.480000000000004,36.96,-1.4,1.5,31.580000000000002,32.26,28.26,0.7,-4.0
LV,3,long,run,1.0,3.0,3.0,100.0,66.67,100.0,-33.3,33.3,0.0,0.0,100.0,0.0,100.0
LV,3,medium,pass,64.0,78.0,70.0,46.88,29.49,44.29,-17.4,14.8,46.88,29.49,42.86,-17.4,13.4
LV,3,medium,run,10.0,9.0,10.0,20.0,33.33,40.0,13.3,6.7,20.0,33.33,30.0,13.3,-3.3
LV,3,short,pass,29.0,33.0,28.0,44.83,57.58,46.43,12.8,-11.1,44.83,54.55,50.0,9.7,-4.5
LV,3,short,run,27.0,32.0,26.0,66.67,56.25,53.849999999999994,-10.4,-2.4,70.37,56.25,53.849999999999994,-14.1,-2.4
LV,3,very long,pass,38.0,27.0,28.0,31.580000000000002,37.04,10.71,5.5,-26.3,18.42,18.52,3.5700000000000003,0.1,-15.0
LV,3,very long,run,2.0,,11.0,0.0,,27.27,,,0.0,,0.0,,
LV,4,long,pass,3.0,3.0,2.0,66.67,66.67,50.0,0.0,-16.7,66.67,66.67,50.0,0.0,-16.7
LV,4,medium,pass,4.0,4.0,6.0,75.0,50.0,66.67,-25.0,16.7,75.0,50.0,66.67,-25.0,16.7
LV,4,medium,run,,1.0,,,0.0,,,,,0.0,,,
LV,4,short,pass,7.0,6.0,8.0,57.14,66.67,62.5,9.5,-4.2,57.14,66.67,62.5,9.5,-4.2
LV,4,short,run,7.0,7.0,7.0,42.86,85.71,57.14,42.8,-28.6,42.86,85.71,57.14,42.8,-28.6
LV,4,very long,pass,2.0,2.0,2.0,50.0,0.0,0.0,-50.0,0.0,50.0,0.0,0.0,-50.0,0.0
LV,4,very long,run,1.0,,,0.0,,,,,0.0,,,,
MIA,1,long,pass,216.0,192.0,199.0,53.239999999999995,54.169999999999995,52.76,0.9,-1.4,0.0,0.0,0.0,0.0,0.0
MIA,1,long,run,223.0,253.0,234.0,36.77,43.08,38.89,6.3,-4.2,0.0,0.0,0.0,0.0,0.0
MIA,1,medium,pass,7.0,7.0,4.0,85.71,57.14,50.0,-28.6,-7.1,0.0,0.0,0.0,0.0,0.0
MIA,1,medium,run,7.0,12.0,13.0,57.14,58.330000000000005,23.080000000000002,1.2,-35.2,0.0,0.0,0.0,0.0,0.0
MIA,1,short,pass,1.0,4.0,2.0,100.0,50.0,50.0,-50.0,0.0,0.0,0.0,0.0,0.0,0.0
MIA,1,short,run,7.0,11.0,6.0,85.71,45.45,16.669999999999998,-40.3,-28.8,0.0,0.0,0.0,0.0,0.0
MIA,1,very long,pass,22.0,17.0,16.0,45.45,35.29,50.0,-10.2,14.7,0.0,0.0,0.0,0.0,0.0
MIA,1,very long,run,2.0,4.0,4.0,50.0,75.0,50.0,25.0,-25.0,0.0,0.0,0.0,0.0,0.0
MIA,2,long,pass,97.0,78.0,87.0,37.11,43.59,44.83,6.5,1.2,0.0,0.0,0.0,0.0,0.0
MIA,2,long,run,34.0,38.0,35.0,38.24,31.580000000000002,51.43,-6.7,19.8,0.0,0.0,0.0,0.0,0.0
MIA,2,medium,pass,58.0,67.0,53.0,44.83,53.73,54.72,8.9,1.0,0.0,0.0,0.0,0.0,0.0
MIA,2,medium,run,40.0,54.0,49.0,47.5,44.440000000000005,38.78,-3.1,-5.7,0.0,0.0,0.0,0.0,0.0
MIA,2,short,pass,24.0,33.0,32.0,50.0,60.61,53.12,10.6,-7.5,0.0,0.0,0.0,0.0,0.0
MIA,2,short,run,37.0,33.0,29.0,45.95,54.55,44.83,8.6,-9.7,0.0,0.0,0.0,0.0,0.0
MIA,2,very long,pass,45.0,37.0,53.0,44.440000000000005,35.14,45.28,-9.3,10.1,0.0,0.0,0.0,0.0,0.0
MIA,2,very long,run,8.0,12.0,14.0,12.5,41.67,21.43,29.2,-20.2,0.0,0.0,0.0,0.0,0.0
MIA,3,long,pass,42.0,38.0,39.0,23.810000000000002,47.370000000000005,35.9,23.6,-11.5,23.810000000000002,44.74,33.33,20.9,-11.4
MIA,3,long,run,3.0,2.0,4.0,33.33,50.0,25.0,16.7,-25.0,33.33,50.0,25.0,16.7,-25.0
MIA,3,medium,pass,51.0,60.0,46.0,54.900000000000006,43.33,39.129999999999995,-11.6,-4.2,54.900000000000006,45.0,39.129999999999995,-9.9,-5.9
MIA,3,medium,run,3.0,6.0,4.0,66.67,16.669999999999998,25.0,-50.0,8.3,66.67,16.669999999999998,25.0,-50.0,8.3
MIA,3,short,pass,40.0,41.0,36.0,47.5,58.540000000000006,50.0,11.0,-8.5,47.5,58.540000000000006,50.0,11.0,-8.5
MIA,3,short,run,19.0,19.0,33.0,47.370000000000005,52.629999999999995,51.519999999999996,5.3,-1.1,42.11,52.629999999999995,51.519999999999996,10.5,-1.1
MIA,3,very long,pass,49.0,42.0,40.0,24.490000000000002,26.19,32.5,1.7,6.3,14.29,14.29,17.5,0.0,3.2
MIA,3,very long,run,1.0,3.0,8.0,0.0,33.33,37.5,33.3,4.2,0.0,0.0,25.0,0.0,25.0
MIA,4,long,pass,1.0,3.0,2.0,100.0,33.33,0.0,-66.7,-33.3,100.0,33.33,0.0,-66.7,-33.3
MIA,4,long,run,,1.0,1.0,,0.0,0.0,,0.0,,0.0,0.0,,0.0
MIA,4,medium,pass,9.0,7.0,6.0,44.440000000000005,71.43,83.33,27.0,11.9,44.440000000000005,71.43,83.33,27.0,11.9
MIA,4,medium,run,1.0,2.0,2.0,100.0,50.0,100.0,-50.0,50.0,100.0,50.0,100.0,-50.0,50.0
MIA,4,short,pass,4.0,8.0,13.0,50.0,25.0,46.150000000000006,-25.0,21.2,50.0,25.0,46.150000000000006,-25.0,21.2
MIA,4,short,run,10.0,6.0,4.0,60.0,83.33,25.0,23.3,-58.3,60.0,83.33,25.0,23.3,-58.3
MIA,4,very long,pass,1.0,2.0,2.0,0.0,0.0,50.0,0.0,50.0,0.0,0.0,50.0,0.0,50.0
MIA,4,very long,run,,1.0,1.0,,0.0,0.0,,0.0,,0.0,0.0,,0.0
MIN,1,long,pass,253.0,216.0,185.0,51.38,42.59,49.19,-8.8,6.6,0.0,0.0,0.0,0.0,0.0
MIN,1,long,run,226.0,201.0,252.0,35.839999999999996,40.300000000000004,36.9,4.5,-3.4,0.0,0.0,0.0,0.0,0.0
MIN,1,medium,pass,9.0,11.0,8.0,33.33,36.36,87.5,3.0,51.1,0.0,0.0,0.0,0.0,0.0
MIN,1,medium,run,11.0,4.0,11.0,54.55,25.0,36.36,-29.6,11.4,0.0,0.0,0.0,0.0,0.0
MIN,1,short,pass,7.0,2.0,3.0,42.86,50.0,66.67,7.1,16.7,0.0,0.0,0.0,0.0,0.0
MIN,1,short,run,9.0,8.0,9.0,44.440000000000005,25.0,33.33,-19.4,8.3,0.0,0.0,0.0,0.0,0.0
MIN,1,very long,pass,15.0,14.0,16.0,53.33,35.709999999999994,68.75,-17.6,33.0,0.0,0.0,0.0,0.0,0.0
MIN,1,very long,run,,5.0,8.0,,60.0,25.0,,-35.0,,0.0,0.0,,0.0
MIN,2,long,pass,92.0,78.0,91.0,41.3,42.309999999999995,40.660000000000004,1.0,-1.6,0.0,0.0,0.0,0.0,0.0
MIN,2,long,run,42.0,45.0,42.0,21.43,26.669999999999998,35.709999999999994,5.2,9.0,0.0,0.0,0.0,0.0,0.0
MIN,2,medium,pass,83.0,67.0,72.0,62.64999999999999,53.73,51.39,-8.9,-2.3,0.0,0.0,0.0,0.0,0.0
MIN,2,medium,run,43.0,36.0,46.0,51.160000000000004,44.440000000000005,47.83,-6.7,3.4,0.0,0.0,0.0,0.0,0.0
MIN,2,short,pass,30.0,28.0,25.0,46.67,50.0,60.0,3.3,10.0,0.0,0.0,0.0,0.0,0.0
MIN,2,short,run,34.0,34.0,39.0,41.18,50.0,56.410000000000004,8.8,6.4,0.0,0.0,0.0,0.0,0.0
MIN,2,very long,pass,48.0,53.0,50.0,45.83,33.96,60.0,-11.9,26.0,0.0,0.0,0.0,0.0,0.0
MIN,2,very long,run,7.0,9.0,8.0,28.57,11.110000000000001,50.0,-17.5,38.9,0.0,0.0,0.0,0.0,0.0
MIN,3,long,pass,43.0,40.0,38.0,37.21,50.0,31.580000000000002,12.8,-18.4,30.23,50.0,28.95,19.8,-21.0
MIN,3,long,run,3.0,5.0,4.0,66.67,60.0,75.0,-6.7,15.0,33.33,40.0,50.0,6.7,10.0
MIN,3,medium,pass,61.0,68.0,64.0,55.74,29.409999999999997,40.62,-26.3,11.2,55.74,29.409999999999997,40.62,-26.3,11.2
MIN,3,medium,run,8.0,7.0,4.0,25.0,42.86,25.0,17.9,-17.9,25.0,28.57,0.0,3.6,-28.6
MIN,3,short,pass,54.0,40.0,38.0,48.15,52.5,52.629999999999995,4.4,0.1,48.15,52.5,55.26,4.4,2.8
MIN,3,short,run,19.0,16.0,22.0,78.95,75.0,68.17999999999999,-4.0,-6.8,78.95,75.0,68.17999999999999,-4.0,-6.8
MIN,3,very long,pass,45.0,39.0,43.0,26.669999999999998,38.46,41.86,11.8,3.4,11.110000000000001,20.51,25.580000000000002,9.4,5.1
MIN,3,very long,run,3.0,8.0,3.0,66.67,25.0,0.0,-41.7,-25.0,33.33,0.0,0.0,-33.3,0.0
MIN,4,long,pass,2.0,,,0.0,,,,,0.0,,,,
MIN,4,medium,pass,3.0,7.0,1.0,100.0,57.14,100.0,-42.9,42.9,100.0,57.14,100.0,-42.9,42.9
MIN,4,medium,run,,3.0,,,100.0,,,,,100.0,,,
MIN,4,short,pass,10.0,10.0,8.0,50.0,60.0,25.0,10.0,-35.0,50.0,50.0,25.0,0.0,-25.0
MIN,4,short,run,4.0,6.0,5.0,25.0,83.33,80.0,58.3,-3.3,25.0,83.33,80.0,58.3,-3.3
MIN,4,very long,pass,1.0,2.0,3.0,100.0,0.0,0.0,-100.0,0.0,100.0,0.0,0.0,-100.0,0.0
MIN,4,very long,run,1.0,,,0.0,,,,,0.0,,,,
NE,1,long,pass,193.0,206.0,168.0,42.49,43.2,45.83,0.7,2.6,0.0,0.0,0.0,0.0,0.0
NE,1,long,run,204.0,195.0,228.0,37.75,37.95,33.33,0.2,-4.6,0.0,0.0,0.0,0.0,0.0
NE,1,medium,pass,3.0,,6.0,33.33,,16.669999999999998,,,0.0,,0.0,,
NE,1,medium,run,4.0,5.0,5.0,50.0,80.0,60.0,30.0,-20.0,0.0,0.0,0.0,0.0,0.0
NE,1,short,pass,1.0,3.0,2.0,0.0,0.0,50.0,0.0,50.0,0.0,0.0,0.0,0.0,0.0
NE,1,short,run,6.0,2.0,5.0,16.669999999999998,100.0,40.0,83.3,-60.0,0.0,0.0,0.0,0.0,0.0
NE,1,very long,pass,13.0,10.0,12.0,53.849999999999994,40.0,50.0,-13.8,10.0,0.0,0.0,0.0,0.0,0.0
NE,1,very long,run,8.0,5.0,8.0,50.0,20.0,25.0,-30.0,5.0,0.0,0.0,0.0,0.0,0.0
NE,2,long,pass,93.0,83.0,81.0,45.16,42.17,45.68,-3.0,3.5,0.0,0.0,0.0,0.0,0.0
NE,2,long,run,32.0,38.0,44.0,25.0,26.32,29.549999999999997,1.3,3.2,0.0,0.0,0.0,0.0,0.0
NE,2,medium,pass,56.0,57.0,58.0,51.790000000000006,45.61,53.449999999999996,-6.2,7.8,0.0,0.0,0.0,0.0,0.0
NE,2,medium,run,47.0,51.0,52.0,44.68,31.369999999999997,50.0,-13.3,18.6,0.0,0.0,0.0,0.0,0.0
NE,2,short,pass,15.0,16.0,24.0,46.67,56.25,54.169999999999995,9.6,-2.1,0.0,0.0,0.0,0.0,0.0
NE,2,short,run,30.0,47.0,32.0,66.67,57.45,43.75,-9.2,-13.7,0.0,0.0,0.0,0.0,0.0
NE,2,very long,pass,38.0,37.0,43.0,31.580000000000002,40.54,46.51,9.0,6.0,0.0,0.0,0.0,0.0,0.0
NE,2,very long,run,16.0,12.0,11.0,25.0,16.669999999999998,72.72999999999999,-8.3,56.1,0.0,0.0,0.0,0.0,0.0
NE,3,long,pass,31.0,39.0,46.0,19.35,17.95,39.129999999999995,-1.4,21.2,19.35,17.95,34.78,-1.4,16.8
NE,3,long,run,8.0,5.0,4.0,25.0,20.0,100.0,-5.0,80.0,12.5,20.0,75.0,7.5,55.0
NE,3,medium,pass,53.0,71.0,52.0,43.4,35.21,34.62,-8.2,-0.6,43.4,33.800000000000004,34.62,-9.6,0.8
NE,3,medium,run,14.0,4.0,4.0,50.0,25.0,50.0,-25.0,25.0,42.86,25.0,50.0,-17.9,25.0
NE,3,short,pass,32.0,28.0,34.0,43.75,35.709999999999994,52.94,-8.0,17.2,46.88,35.709999999999994,52.94,-11.2,17.2
NE,3,short,run,26.0,32.0,30.0,69.23,62.5,53.33,-6.7,-9.2,65.38000000000001,62.5,50.0,-2.9,-12.5
NE,3,very long,pass,39.0,36.0,40.0,20.51,19.439999999999998,20.0,-1.1,0.6,17.95,8.33,5.0,-9.6,-3.3
NE,3,very long,run,7.0,7.0,4.0,28.57,14.29,50.0,-14.3,35.7,0.0,14.29,25.0,14.3,10.7
NE,4,long,pass,,2.0,1.0,,50.0,100.0,,50.0,,50.0,100.0,,50.0
NE,4,long,run,,,1.0,,,100.0,,,,,100.0,,
NE,4,medium,pass,1.0,6.0,4.0,0.0,33.33,0.0,33.3,-33.3,0.0,33.33,0.0,33.3,-33.3
NE,4,medium,run,,1.0,1.0,,0.0,100.0,,100.0,,0.0,100.0,,100.0
NE,4,short,pass,9.0,7.0,5.0,55.559999999999995,28.57,60.0,-27.0,31.4,55.559999999999995,28.57,60.0,-27.0,31.4
NE,4,short,run,1.0,6.0,9.0,0.0,66.67,77.78,66.7,11.1,0.0,66.67,77.78,66.7,11.1
NE,4,very long,pass,2.0,3.0,3.0,0.0,0.0,33.33,0.0,33.3,0.0,0.0,33.33,0.0,33.3
NO,1,long,pass,186.0,196.0,197.0,53.23,48.980000000000004,39.589999999999996,-4.2,-9.4,0.0,0.0,0.0,0.0,0.0
NO,1,long,run,226.0,238.0,201.0,39.82,32.35,35.82,-7.5,3.5,0.0,0.0,0.0,0.0,0.0
NO,1,medium,pass,4.0,5.0,,75.0,40.0,,-35.0,,0.0,0.0,,0.0,
NO,1,medium,run,4.0,7.0,8.0,75.0,14.29,62.5,-60.7,48.2,0.0,0.0,0.0,0.0,0.0
NO,1,short,pass,1.0,2.0,1.0,100.0,100.0,0.0,0.0,-100.0,0.0,0.0,0.0,0.0,0.0
NO,1,short,run,4.0,9.0,7.0,75.0,55.559999999999995,57.14,-19.4,1.6,0.0,0.0,0.0,0.0,0.0
NO,1,very long,pass,10.0,10.0,10.0,60.0,40.0,40.0,-20.0,0.0,0.0,0.0,0.0,0.0,0.0
NO,1,very long,run,3.0,5.0,7.0,0.0,20.0,42.86,20.0,22.9,0.0,0.0,0.0,0.0,0.0
NO,2,long,pass,69.0,86.0,83.0,49.28,44.190000000000005,39.76,-5.1,-4.4,0.0,0.0,0.0,0.0,0.0
NO,2,long,run,52.0,35.0,31.0,28.849999999999998,28.57,48.39,-0.3,19.8,0.0,0.0,0.0,0.0,0.0
NO,2,medium,pass,47.0,76.0,50.0,53.190000000000005,46.050000000000004,48.0,-7.1,1.9,0.0,0.0,0.0,0.0,0.0
NO,2,medium,run,63.0,58.0,65.0,39.68,44.83,49.230000000000004,5.1,4.4,0.0,0.0,0.0,0.0,0.0
NO,2,short,pass,27.0,19.0,20.0,51.849999999999994,57.89,60.0,6.0,2.1,0.0,0.0,0.0,0.0,0.0
NO,2,short,run,37.0,43.0,33.0,45.95,51.160000000000004,36.36,5.2,-14.8,0.0,0.0,0.0,0.0,0.0
NO,2,very long,pass,33.0,46.0,55.0,45.45,47.83,40.0,2.4,-7.8,0.0,0.0,0.0,0.0,0.0
NO,2,very long,run,7.0,11.0,12.0,28.57,27.27,25.0,-1.3,-2.3,0.0,0.0,0.0,0.0,0.0
NO,3,long,pass,35.0,53.0,29.0,34.29,22.64,27.589999999999996,-11.6,4.9,34.29,18.87,17.24,-15.4,-1.6
NO,3,long,run,1.0,3.0,2.0,100.0,33.33,50.0,-66.7,16.7,0.0,33.33,50.0,33.3,16.7
NO,3,medium,pass,68.0,77.0,61.0,41.18,41.56,36.07,0.4,-5.5,38.24,41.56,36.07,3.3,-5.5
NO,3,medium,run,6.0,8.0,11.0,16.669999999999998,37.5,54.55,20.8,17.0,16.669999999999998,37.5,54.55,20.8,17.0
NO,3,short,pass,32.0,31.0,26.0,50.0,48.39,50.0,-1.6,1.6,46.88,48.39,50.0,1.5,1.6
NO,3,short,run,42.0,29.0,34.0,73.81,72.41,67.65,-1.4,-4.8,73.81,72.41,67.65,-1.4,-4.8
NO,3,very long,pass,29.0,28.0,39.0,34.48,39.290000000000006,20.51,4.8,-18.8,10.34,32.14,15.379999999999999,21.8,-16.8
NO,3,very long,run,4.0,4.0,13.0,25.0,25.0,7.6899999999999995,0.0,-17.3,0.0,0.0,0.0,0.0,0.0
NO,4,long,pass,1.0,2.0,2.0,0.0,0.0,0.0,0.0,0.0,0.0,0.0,0.0,0.0,0.0
NO,4,medium,pass,3.0,6.0,7.0,33.33,0.0,14.29,-33.3,14.3,33.33,0.0,14.29,-33.3,14.3
NO,4,short,pass,2.0,4.0,6.0,100.0,75.0,83.33,-25.0,8.3,100.0,75.0,83.33,-25.0,8.3
NO,4,short,run,4.0,7.0,11.0,25.0,85.71,72.72999999999999,60.7,-13.0,25.0,85.71,72.72999999999999,60.7,-13.0
NO,4,very long,pass,1.0,,1.0,0.0,,100.0,,,0.0,,100.0,,
NYG,1,long,pass,217.0,214.0,228.0,46.08,40.19,45.61,-5.9,5.4,0.0,0.0,0.0,0.0,0.0
NYG,1,long,run,273.0,180.0,168.0,35.160000000000004,39.44,31.55,4.3,-7.9,0.0,0.0,0.0,0.0,0.0
NYG,1,medium,pass,,4.0,3.0,,0.0,100.0,,100.0,,0.0,0.0,,0.0
NYG,1,medium,run,11.0,4.0,4.0,36.36,25.0,50.0,-11.4,25.0,0.0,0.0,0.0,0.0,0.0
NYG,1,short,pass,2.0,2.0,2.0,50.0,50.0,50.0,0.0,0.0,0.0,0.0,0.0,0.0,0.0
NYG,1,short,run,8.0,4.0,8.0,62.5,75.0,87.5,12.5,12.5,0.0,0.0,0.0,0.0,0.0
NYG,1,very long,pass,9.0,11.0,19.0,33.33,45.45,47.370000000000005,12.1,1.9,0.0,0.0,0.0,0.0,0.0
NYG,1,very long,run,4.0,5.0,7.0,50.0,40.0,28.57,-10.0,-11.4,0.0,0.0,0.0,0.0,0.0
NYG,2,long,pass,82.0,56.0,80.0,47.56,42.86,42.5,-4.7,-0.4,0.0,0.0,0.0,0.0,0.0
NYG,2,long,run,55.0,67.0,46.0,45.45,26.87,32.61,-18.6,5.7,0.0,0.0,0.0,0.0,0.0
NYG,2,medium,pass,69.0,43.0,54.0,50.72,51.160000000000004,40.739999999999995,0.4,-10.4,0.0,0.0,0.0,0.0,0.0
NYG,2,medium,run,78.0,56.0,66.0,52.559999999999995,35.709999999999994,31.819999999999997,-16.8,-3.9,0.0,0.0,0.0,0.0,0.0
NYG,2,short,pass,14.0,11.0,16.0,42.86,54.55,31.25,11.7,-23.3,0.0,0.0,0.0,0.0,0.0
NYG,2,short,run,42.0,31.0,23.0,64.29,45.16,60.870000000000005,-19.1,15.7,0.0,0.0,0.0,0.0,0.0
NYG,2,very long,pass,53.0,57.0,35.0,64.14999999999999,26.32,37.14,-37.8,10.8,0.0,0.0,0.0,0.0,0.0
NYG,2,very long,run,11.0,17.0,18.0,36.36,47.06,27.779999999999998,10.7,-19.3,0.0,0.0,0.0,0.0,0.0
NYG,3,long,pass,39.0,40.0,49.0,28.21,35.0,32.65,6.8,-2.4,28.21,32.5,32.65,4.3,0.1
NYG,3,long,run,8.0,9.0,3.0,37.5,11.110000000000001,33.33,-26.4,22.2,25.0,0.0,33.33,-25.0,33.3
NYG,3,medium,pass,78.0,52.0,55.0,35.9,40.38,34.55,4.5,-5.8,34.62,38.46,30.91,3.8,-7.6
NYG,3,medium,run,15.0,15.0,10.0,60.0,40.0,60.0,-20.0,20.0,53.33,40.0,50.0,-13.3,10.0
NYG,3,short,pass,24.0,30.0,35.0,50.0,43.33,45.71,-6.7,2.4,50.0,43.33,45.71,-6.7,2.4
NYG,3,short,run,33.0,33.0,32.0,72.72999999999999,51.519999999999996,68.75,-21.2,17.2,72.72999999999999,51.519999999999996,68.75,-21.2,17.2
NYG,3,very long,pass,34.0,56.0,38.0,32.35,14.29,34.21,-18.1,19.9,17.65,8.93,10.530000000000001,-8.7,1.6
NYG,3,very long,run,2.0,11.0,8.0,50.0,18.18,25.0,-31.8,6.8,0.0,9.09,12.5,9.1,3.4
NYG,4,long,pass,6.0,8.0,5.0,16.669999999999998,25.0,20.0,8.3,-5.0,16.669999999999998,25.0,20.0,8.3,-5.0
NYG,4,long,run,,1.0,1.0,,100.0,100.0,,0.0,,100.0,100.0,,0.0
NYG,4,medium,pass,2.0,6.0,4.0,0.0,66.67,0.0,66.7,-66.7,0.0,66.67,0.0,66.7,-66.7
NYG,4,medium,run,2.0,,,50.0,,,,,50.0,,,,
NYG,4,short,pass,4.0,6.0,10.0,25.0,50.0,60.0,25.0,10.0,25.0,50.0,60.0,25.0,10.0
NYG,4,short,run,9.0,15.0,16.0,88.89,53.33,75.0,-35.6,21.7,88.89,53.33,75.0,-35.6,21.7
NYG,4,very long,pass,1.0,1.0,1.0,100.0,0.0,0.0,-100.0,0.0,100.0,0.0,0.0,-100.0,0.0
NYG,4,very long,run,2.0,,,50.0,,,,,50.0,,,,
NYJ,1,long,pass,197.0,214.0,203.0,41.620000000000005,40.65,46.31,-1.0,5.7,0.0,0.0,0.0,0.0,0.0
NYJ,1,long,run,205.0,195.0,194.0,32.2,33.33,34.54,1.1,1.2,0.0,0.0,0.0,0.0,0.0
NYJ,1,medium,pass,4.0,1.0,4.0,100.0,0.0,75.0,-100.0,75.0,0.0,0.0,0.0,0.0,0.0
NYJ,1,medium,run,9.0,5.0,5.0,55.559999999999995,40.0,60.0,-15.6,20.0,0.0,0.0,0.0,0.0,0.0
NYJ,1,short,pass,2.0,1.0,8.0,0.0,100.0,62.5,100.0,-37.5,0.0,0.0,0.0,0.0,0.0
NYJ,1,short,run,5.0,2.0,3.0,60.0,100.0,33.33,40.0,-66.7,0.0,0.0,0.0,0.0,0.0
NYJ,1,very long,pass,20.0,19.0,11.0,35.0,42.11,36.36,7.1,-5.8,0.0,0.0,0.0,0.0,0.0
NYJ,1,very long,run,6.0,5.0,5.0,33.33,0.0,40.0,-33.3,40.0,0.0,0.0,0.0,0.0,0.0
NYJ,2,long,pass,101.0,90.0,92.0,45.540000000000006,33.33,42.39,-12.2,9.1,0.0,0.0,0.0,0.0,0.0
NYJ,2,long,run,41.0,52.0,27.0,29.270000000000003,28.849999999999998,25.929999999999996,-0.4,-2.9,0.0,0.0,0.0,0.0,0.0
NYJ,2,medium,pass,54.0,49.0,69.0,55.559999999999995,38.78,43.480000000000004,-16.8,4.7,0.0,0.0,0.0,0.0,0.0
NYJ,2,medium,run,46.0,37.0,44.0,39.129999999999995,29.73,45.45,-9.4,15.7,0.0,0.0,0.0,0.0,0.0
NYJ,2,short,pass,16.0,25.0,31.0,56.25,52.0,51.61,-4.2,-0.4,0.0,0.0,0.0,0.0,0.0
NYJ,2,short,run,26.0,24.0,30.0,42.309999999999995,54.169999999999995,43.33,11.9,-10.8,0.0,0.0,0.0,0.0,0.0
NYJ,2,very long,pass,57.0,55.0,33.0,22.81,23.64,39.39,0.8,15.8,0.0,0.0,0.0,0.0,0.0
NYJ,2,very long,run,7.0,6.0,12.0,42.86,66.67,50.0,23.8,-16.7,0.0,0.0,0.0,0.0,0.0
NYJ,3,long,pass,48.0,44.0,41.0,37.5,20.45,43.9,-17.0,23.4,35.42,20.45,36.59,-15.0,16.1
NYJ,3,long,run,4.0,6.0,3.0,75.0,0.0,33.33,-75.0,33.3,75.0,0.0,33.33,-75.0,33.3
NYJ,3,medium,pass,71.0,70.0,62.0,42.25,41.43,38.71,-0.8,-2.7,40.849999999999994,40.0,37.1,-0.8,-2.9
NYJ,3,medium,run,7.0,4.0,3.0,57.14,50.0,100.0,-7.1,50.0,42.86,50.0,100.0,7.1,50.0
NYJ,3,short,pass,31.0,29.0,38.0,41.94,27.589999999999996,44.74,-14.4,17.2,41.94,27.589999999999996,44.74,-14.4,17.2
NYJ,3,short,run,22.0,22.0,23.0,63.63999999999999,50.0,78.25999999999999,-13.6,28.3,63.63999999999999,50.0,78.25999999999999,-13.6,28.3
NYJ,3,very long,pass,42.0,48.0,37.0,9.520000000000001,10.42,32.43,0.9,22.0,4.760000000000001,4.17,16.220000000000002,-0.6,12.1
NYJ,3,very long,run,14.0,13.0,3.0,42.86,7.6899999999999995,33.33,-35.2,25.6,14.29,7.6899999999999995,0.0,-6.6,-7.7
NYJ,4,long,pass,4.0,3.0,1.0,25.0,0.0,0.0,-25.0,0.0,25.0,0.0,0.0,-25.0,0.0
NYJ,4,medium,pass,9.0,5.0,6.0,22.220000000000002,40.0,16.669999999999998,17.8,-23.3,22.220000000000002,40.0,16.669999999999998,17.8,-23.3
NYJ,4,medium,run,,2.0,1.0,,0.0,100.0,,100.0,,0.0,100.0,,100.0
NYJ,4,short,pass,10.0,7.0,10.0,40.0,85.71,70.0,45.7,-15.7,40.0,100.0,70.0,60.0,-30.0
NYJ,4,short,run,2.0,10.0,5.0,100.0,80.0,20.0,-20.0,-60.0,100.0,80.0,20.0,-20.0,-60.0
NYJ,4,very long,pass,3.0,2.0,1.0,66.67,0.0,0.0,-66.7,0.0,66.67,0.0,0.0,-66.7,0.0
PHI,1,long,pass,240.0,231.0,178.0,47.08,43.72,50.0,-3.4,6.3,0.0,0.0,0.0,0.0,0.0
PHI,1,long,run,276.0,237.0,351.0,44.93,40.510000000000005,38.18,-4.4,-2.3,0.0,0.0,0.0,0.0,0.0
PHI,1,medium,pass,6.0,4.0,,33.33,50.0,,16.7,,0.0,0.0,,0.0,
PHI,1,medium,run,15.0,16.0,16.0,60.0,56.25,43.75,-3.8,-12.5,0.0,0.0,0.0,0.0,0.0
PHI,1,short,pass,2.0,1.0,,0.0,0.0,,0.0,,0.0,0.0,,0.0,
PHI,1,short,run,13.0,10.0,14.0,69.23,50.0,64.29,-19.2,14.3,0.0,0.0,0.0,0.0,0.0
PHI,1,very long,pass,16.0,10.0,11.0,50.0,20.0,45.45,-30.0,25.5,0.0,0.0,0.0,0.0,0.0
PHI,1,very long,run,8.0,4.0,9.0,25.0,25.0,22.220000000000002,0.0,-2.8,0.0,0.0,0.0,0.0,0.0
PHI,2,long,pass,114.0,102.0,85.0,43.86,52.94,43.53,9.1,-9.4,0.0,0.0,0.0,0.0,0.0
PHI,2,long,run,42.0,43.0,63.0,40.48,20.93,33.33,-19.5,12.4,0.0,0.0,0.0,0.0,0.0
PHI,2,medium,pass,56.0,61.0,64.0,48.209999999999994,44.26,54.690000000000005,-3.9,10.4,0.0,0.0,0.0,0.0,0.0
PHI,2,medium,run,84.0,53.0,74.0,53.56999999999999,43.4,43.24,-10.2,-0.2,0.0,0.0,0.0,0.0,0.0
PHI,2,short,pass,24.0,26.0,23.0,37.5,61.53999999999999,60.870000000000005,24.0,-0.7,0.0,0.0,0.0,0.0,0.0
PHI,2,short,run,53.0,42.0,64.0,66.03999999999999,66.67,53.12,0.6,-13.6,0.0,0.0,0.0,0.0,0.0
PHI,2,very long,pass,44.0,42.0,57.0,34.089999999999996,42.86,45.61,8.8,2.8,0.0,0.0,0.0,0.0,0.0
PHI,2,very long,run,12.0,13.0,16.0,50.0,23.080000000000002,50.0,-26.9,26.9,0.0,0.0,0.0,0.0,0.0
PHI,3,long,pass,42.0,39.0,34.0,35.709999999999994,33.33,29.409999999999997,-2.4,-3.9,35.709999999999994,30.769999999999996,26.47,-4.9,-4.3
PHI,3,long,run,8.0,10.0,8.0,50.0,20.0,62.5,-30.0,42.5,50.0,20.0,37.5,-30.0,17.5
PHI,3,medium,pass,50.0,51.0,70.0,62.0,52.94,44.29,-9.1,-8.6,60.0,52.94,44.29,-7.1,-8.6
PHI,3,medium,run,32.0,26.0,33.0,43.75,46.150000000000006,42.42,2.4,-3.7,40.62,50.0,36.36,9.4,-13.6
PHI,3,short,pass,21.0,25.0,23.0,57.14,56.00000000000001,43.480000000000004,-1.1,-12.5,57.14,56.00000000000001,43.480000000000004,-1.1,-12.5
PHI,3,short,run,64.0,41.0,57.0,71.88,73.17,68.42,1.3,-4.8,71.88,78.05,68.42,6.2,-9.6
PHI,3,very long,pass,40.0,34.0,35.0,20.0,29.409999999999997,34.29,9.4,4.9,15.0,20.59,22.86,5.6,2.3
PHI,3,very long,run,10.0,6.0,18.0,60.0,33.33,22.220000000000002,-26.7,-11.1,20.0,16.669999999999998,11.110000000000001,-3.3,-5.6
PHI,4,long,pass,2.0,2.0,,0.0,0.0,,0.0,,0.0,0.0,,0.0,
PHI,4,medium,pass,4.0,4.0,6.0,50.0,75.0,66.67,25.0,-8.3,50.0,75.0,66.67,25.0,-8.3
PHI,4,medium,run,1.0,,1.0,100.0,,0.0,,,100.0,,0.0,,
PHI,4,short,pass,8.0,6.0,10.0,62.5,50.0,60.0,-12.5,10.0,75.0,66.67,60.0,-8.3,-6.7
PHI,4,short,run,21.0,14.0,13.0,85.71,85.71,84.61999999999999,0.0,-1.1,85.71,85.71,92.31,0.0,6.6
PHI,4,very long,pass,1.0,2.0,1.0,0.0,0.0,0.0,0.0,0.0,0.0,0.0,0.0,0.0,0.0
PIT,1,long,pass,201.0,178.0,178.0,46.77,46.07,41.010000000000005,-0.7,-5.1,0.0,0.0,0.0,0.0,0.0
PIT,1,long,run,231.0,242.0,253.0,37.66,41.74,32.019999999999996,4.1,-9.7,0.0,0.0,0.0,0.0,0.0
PIT,1,medium,pass,5.0,3.0,1.0,0.0,66.67,0.0,66.7,-66.7,0.0,0.0,0.0,0.0,0.0
PIT,1,medium,run,8.0,12.0,10.0,75.0,41.67,50.0,-33.3,8.3,0.0,0.0,0.0,0.0,0.0
PIT,1,short,pass,1.0,3.0,3.0,0.0,66.67,33.33,66.7,-33.3,0.0,0.0,0.0,0.0,0.0
PIT,1,short,run,9.0,5.0,7.0,55.559999999999995,40.0,71.43,-15.6,31.4,0.0,0.0,0.0,0.0,0.0
PIT,1,very long,pass,15.0,10.0,8.0,40.0,60.0,50.0,20.0,-10.0,0.0,0.0,0.0,0.0,0.0
PIT,1,very long,run,6.0,4.0,8.0,66.67,50.0,25.0,-16.7,-25.0,0.0,0.0,0.0,0.0,0.0
PIT,2,long,pass,83.0,65.0,80.0,43.37,40.0,42.5,-3.4,2.5,0.0,0.0,0.0,0.0,0.0
PIT,2,long,run,57.0,50.0,59.0,29.82,18.0,32.2,-11.8,14.2,0.0,0.0,0.0,0.0,0.0
PIT,2,medium,pass,50.0,58.0,55.0,40.0,39.660000000000004,43.64,-0.3,4.0,0.0,0.0,0.0,0.0,0.0
PIT,2,medium,run,73.0,77.0,65.0,56.16,48.05,49.230000000000004,-8.1,1.2,0.0,0.0,0.0,0.0,0.0
PIT,2,short,pass,21.0,27.0,23.0,57.14,59.260000000000005,60.870000000000005,2.1,1.6,0.0,0.0,0.0,0.0,0.0
PIT,2,short,run,38.0,27.0,38.0,55.26,48.15,42.11,-7.1,-6.0,0.0,0.0,0.0,0.0,0.0
PIT,2,very long,pass,40.0,29.0,46.0,42.5,37.93,45.65,-4.6,7.7,0.0,0.0,0.0,0.0,0.0
PIT,2,very long,run,9.0,17.0,17.0,55.559999999999995,23.53,52.94,-32.0,29.4,0.0,0.0,0.0,0.0,0.0
PIT,3,long,pass,46.0,48.0,44.0,39.129999999999995,29.17,36.36,-10.0,7.2,39.129999999999995,29.17,34.089999999999996,-10.0,4.9
PIT,3,long,run,4.0,4.0,6.0,25.0,25.0,33.33,0.0,8.3,25.0,50.0,50.0,25.0,0.0
PIT,3,medium,pass,65.0,74.0,54.0,40.0,37.84,48.15,-2.2,10.3,40.0,36.49,46.300000000000004,-3.5,9.8
PIT,3,medium,run,7.0,4.0,20.0,57.14,100.0,55.00000000000001,42.9,-45.0,42.86,100.0,50.0,57.1,-50.0
PIT,3,short,pass,37.0,36.0,36.0,45.95,50.0,41.67,4.0,-8.3,45.95,50.0,44.440000000000005,4.0,-5.6
PIT,3,short,run,37.0,30.0,28.0,83.78,63.33,60.709999999999994,-20.5,-2.6,83.78,60.0,64.29,-23.8,4.3
PIT,3,very long,pass,35.0,36.0,44.0,34.29,33.33,25.0,-1.0,-8.3,25.71,19.439999999999998,15.909999999999998,-6.3,-3.5
PIT,3,very long,run,5.0,8.0,6.0,40.0,12.5,50.0,-27.5,37.5,20.0,0.0,16.669999999999998,-20.0,16.7
PIT,4,long,pass,2.0,1.0,,0.0,100.0,,100.0,,0.0,100.0,,100.0,
PIT,4,medium,pass,2.0,4.0,1.0,50.0,0.0,0.0,-50.0,0.0,50.0,0.0,0.0,-50.0,0.0
PIT,4,short,pass,3.0,6.0,1.0,100.0,16.669999999999998,100.0,-83.3,83.3,100.0,16.669999999999998,100.0,-83.3,83.3
PIT,4,short,run,7.0,8.0,12.0,100.0,87.5,50.0,-12.5,-37.5,100.0,87.5,50.0,-12.5,-37.5
PIT,4,very long,pass,1.0,1.0,5.0,0.0,0.0,0.0,0.0,0.0,0.0,0.0,0.0,0.0,0.0
SEA,1,long,pass,243.0,210.0,236.0,55.559999999999995,50.480000000000004,49.58,-5.1,-0.9,0.0,0.0,0.0,0.0,0.0
SEA,1,long,run,218.0,185.0,168.0,32.57,36.76,36.309999999999995,4.2,-0.5,0.0,0.0,0.0,0.0,0.0
SEA,1,medium,pass,4.0,5.0,7.0,50.0,40.0,42.86,-10.0,2.9,0.0,0.0,0.0,0.0,0.0
SEA,1,medium,run,7.0,13.0,9.0,28.57,38.46,66.67,9.9,28.2,0.0,0.0,0.0,0.0,0.0
SEA,1,short,pass,2.0,1.0,2.0,50.0,100.0,0.0,50.0,-100.0,0.0,0.0,0.0,0.0,0.0
SEA,1,short,run,4.0,8.0,10.0,25.0,62.5,40.0,37.5,-22.5,0.0,0.0,0.0,0.0,0.0
SEA,1,very long,pass,14.0,16.0,17.0,42.86,62.5,29.409999999999997,19.6,-33.1,0.0,0.0,0.0,0.0,0.0
SEA,1,very long,run,7.0,4.0,7.0,28.57,50.0,42.86,21.4,-7.1,0.0,0.0,0.0,0.0,0.0
SEA,2,long,pass,74.0,86.0,81.0,44.59,48.84,39.51,4.2,-9.3,0.0,0.0,0.0,0.0,0.0
SEA,2,long,run,42.0,35.0,39.0,40.48,22.86,35.9,-17.6,13.0,0.0,0.0,0.0,0.0,0.0
SEA,2,medium,pass,74.0,65.0,54.0,55.410000000000004,49.230000000000004,61.11,-6.2,11.9,0.0,0.0,0.0,0.0,0.0
SEA,2,medium,run,50.0,49.0,44.0,36.0,40.82,47.73,4.8,6.9,0.0,0.0,0.0,0.0,0.0
SEA,2,short,pass,22.0,12.0,20.0,59.089999999999996,58.330000000000005,55.00000000000001,-0.8,-3.3,0.0,0.0,0.0,0.0,0.0
SEA,2,short,run,36.0,32.0,28.0,55.559999999999995,62.5,50.0,6.9,-12.5,0.0,0.0,0.0,0.0,0.0
SEA,2,very long,pass,46.0,29.0,53.0,45.65,44.83,49.059999999999995,-0.8,4.2,0.0,0.0,0.0,0.0,0.0
SEA,2,very long,run,16.0,9.0,13.0,37.5,44.440000000000005,23.080000000000002,6.9,-21.4,0.0,0.0,0.0,0.0,0.0
SEA,3,long,pass,40.0,43.0,37.0,27.500000000000004,41.86,29.73,14.4,-12.1,25.0,37.21,29.73,12.2,-7.5
SEA,3,long,run,5.0,3.0,2.0,60.0,33.33,0.0,-26.7,-33.3,40.0,33.33,0.0,-6.7,-33.3
SEA,3,medium,pass,52.0,66.0,65.0,42.309999999999995,36.36,46.150000000000006,-5.9,9.8,42.309999999999995,34.849999999999994,49.230000000000004,-7.5,14.4
SEA,3,medium,run,10.0,6.0,6.0,60.0,50.0,33.33,-10.0,-16.7,60.0,50.0,33.33,-10.0,-16.7
SEA,3,short,pass,34.0,29.0,32.0,50.0,48.28,50.0,-1.7,1.7,50.0,48.28,50.0,-1.7,1.7
SEA,3,short,run,28.0,19.0,22.0,64.29,68.42,63.63999999999999,4.1,-4.8,64.29,73.68,68.17999999999999,9.4,-5.5
SEA,3,very long,pass,37.0,37.0,32.0,13.51,16.220000000000002,21.88,2.7,5.7,13.51,10.81,9.379999999999999,-2.7,-1.4
SEA,3,very long,run,7.0,3.0,12.0,42.86,0.0,33.33,-42.9,33.3,28.57,0.0,0.0,-28.6,0.0
SEA,4,long,pass,2.0,1.0,3.0,50.0,0.0,66.67,-50.0,66.7,50.0,0.0,66.67,-50.0,66.7
SEA,4,long,run,1.0,,,0.0,,,,,0.0,,,,
SEA,4,medium,pass,4.0,3.0,2.0,50.0,0.0,100.0,-50.0,100.0,50.0,0.0,100.0,-50.0,100.0
SEA,4,medium,run,1.0,,,100.0,,,,,100.0,,,,
SEA,4,short,pass,7.0,5.0,4.0,71.43,40.0,0.0,-31.4,-40.0,71.43,40.0,0.0,-31.4,-40.0
SEA,4,short,run,5.0,6.0,10.0,80.0,66.67,60.0,-13.3,-6.7,80.0,66.67,60.0,-13.3,-6.7
SEA,4,very long,pass,1.0,1.0,,0.0,0.0,,0.0,,0.0,0.0,,0.0,
SEA,4,very long,run,1.0,,,0.0,,,,,0.0,,,,
SF,1,long,pass,206.0,242.0,197.0,53.879999999999995,58.26,55.33,4.4,-2.9,0.0,0.0,0.0,0.0,0.0
SF,1,long,run,273.0,269.0,215.0,38.1,43.87,33.489999999999995,5.8,-10.4,0.0,0.0,0.0,0.0,0.0
SF,1,medium,pass,4.0,3.0,9.0,50.0,66.67,33.33,16.7,-33.3,0.0,0.0,0.0,0.0,0.0
SF,1,medium,run,18.0,14.0,12.0,55.559999999999995,57.14,50.0,1.6,-7.1,0.0,0.0,0.0,0.0,0.0
SF,1,short,pass,1.0,2.0,,100.0,0.0,,-100.0,,0.0,0.0,,0.0,
SF,1,short,run,12.0,14.0,8.0,41.67,50.0,50.0,8.3,0.0,0.0,0.0,0.0,0.0,0.0
SF,1,very long,pass,19.0,12.0,21.0,57.89,25.0,52.38,-32.9,27.4,0.0,0.0,0.0,0.0,0.0
SF,1,very long,run,6.0,6.0,5.0,50.0,33.33,60.0,-16.7,26.7,0.0,0.0,0.0,0.0,0.0
SF,2,long,pass,96.0,83.0,75.0,43.75,53.010000000000005,45.33,9.3,-7.7,0.0,0.0,0.0,0.0,0.0
SF,2,long,run,59.0,37.0,58.0,35.589999999999996,32.43,34.48,-3.2,2.0,0.0,0.0,0.0,0.0,0.0
SF,2,medium,pass,56.0,58.0,54.0,50.0,55.169999999999995,50.0,5.2,-5.2,0.0,0.0,0.0,0.0,0.0
SF,2,medium,run,66.0,71.0,56.0,37.88,46.48,60.709999999999994,8.6,14.2,0.0,0.0,0.0,0.0,0.0
SF,2,short,pass,14.0,16.0,21.0,50.0,75.0,52.38,25.0,-22.6,0.0,0.0,0.0,0.0,0.0
SF,2,short,run,57.0,67.0,31.0,54.39000000000001,64.18,54.84,9.8,-9.3,0.0,0.0,0.0,0.0,0.0
SF,2,very long,pass,43.0,54.0,27.0,46.51,37.04,48.15,-9.5,11.1,0.0,0.0,0.0,0.0,0.0
SF,2,very long,run,9.0,11.0,11.0,55.559999999999995,54.55,45.45,-1.0,-9.1,0.0,0.0,0.0,0.0,0.0
SF,3,long,pass,47.0,35.0,35.0,38.3,37.14,40.0,-1.2,2.9,38.3,34.29,37.14,-4.0,2.9
SF,3,long,run,9.0,3.0,6.0,0.0,33.33,0.0,33.3,-33.3,0.0,66.67,0.0,66.7,-66.7
SF,3,medium,pass,63.0,60.0,61.0,46.03,53.33,49.18,7.3,-4.1,46.03,53.33,49.18,7.3,-4.1
SF,3,medium,run,8.0,10.0,10.0,50.0,30.0,70.0,-20.0,40.0,37.5,30.0,70.0,-7.5,40.0
SF,3,short,pass,37.0,27.0,25.0,64.86,62.96000000000001,52.0,-1.9,-11.0,64.86,62.96000000000001,52.0,-1.9,-11.0
SF,3,short,run,42.0,39.0,24.0,66.67,79.49000000000001,66.67,12.8,-12.8,66.67,79.49000000000001,66.67,12.8,-12.8
SF,3,very long,pass,30.0,34.0,29.0,30.0,23.53,27.589999999999996,-6.5,4.1,20.0,17.65,17.24,-2.4,-0.4
SF,3,very long,run,7.0,11.0,6.0,71.43,27.27,33.33,-44.2,6.1,28.57,9.09,0.0,-19.5,-9.1
SF,4,long,pass,3.0,1.0,,0.0,100.0,,100.0,,0.0,100.0,,100.0,
SF,4,medium,pass,3.0,2.0,3.0,33.33,50.0,33.33,16.7,-16.7,33.33,50.0,33.33,16.7,-16.7
SF,4,medium,run,1.0,2.0,,0.0,50.0,,50.0,,0.0,50.0,,50.0,
SF,4,short,pass,4.0,2.0,5.0,25.0,100.0,20.0,75.0,-80.0,25.0,100.0,20.0,75.0,-80.0
SF,4,short,run,8.0,5.0,7.0,62.5,60.0,85.71,-2.5,25.7,62.5,60.0,85.71,-2.5,25.7
SF,4,very long,pass,,2.0,1.0,,0.0,0.0,,0.0,,0.0,0.0,,0.0
TB,1,long,pass,280.0,225.0,224.0,50.36000000000001,49.78,58.93000000000001,-0.6,9.2,0.0,0.0,0.0,0.0,0.0
TB,1,long,run,198.0,229.0,246.0,30.81,27.950000000000003,41.870000000000005,-2.9,13.9,0.0,0.0,0.0,0.0,0.0
TB,1,medium,pass,5.0,4.0,7.0,60.0,0.0,71.43,-60.0,71.4,0.0,0.0,0.0,0.0,0.0
TB,1,medium,run,6.0,6.0,8.0,50.0,16.669999999999998,50.0,-33.3,33.3,0.0,0.0,0.0,0.0,0.0
TB,1,short,pass,5.0,9.0,6.0,60.0,55.559999999999995,66.67,-4.4,11.1,0.0,0.0,0.0,0.0,0.0
TB,1,short,run,5.0,6.0,8.0,40.0,66.67,37.5,26.7,-29.2,0.0,0.0,0.0,0.0,0.0
TB,1,very long,pass,10.0,9.0,16.0,40.0,33.33,50.0,-6.7,16.7,0.0,0.0,0.0,0.0,0.0
TB,1,very long,run,8.0,4.0,4.0,12.5,25.0,50.0,12.5,25.0,0.0,0.0,0.0,0.0,0.0
TB,2,long,pass,136.0,97.0,71.0,47.79,36.08,47.89,-11.7,11.8,0.0,0.0,0.0,0.0,0.0
TB,2,long,run,29.0,50.0,41.0,34.48,24.0,26.83,-10.5,2.8,0.0,0.0,0.0,0.0,0.0
TB,2,medium,pass,84.0,69.0,74.0,52.38,47.83,43.24,-4.6,-4.6,0.0,0.0,0.0,0.0,0.0
TB,2,medium,run,31.0,63.0,60.0,32.26,38.1,46.67,5.8,8.6,0.0,0.0,0.0,0.0,0.0
TB,2,short,pass,40.0,26.0,21.0,47.5,46.150000000000006,57.14,-1.3,11.0,0.0,0.0,0.0,0.0,0.0
TB,2,short,run,42.0,31.0,42.0,57.14,51.61,66.67,-5.5,15.1,0.0,0.0,0.0,0.0,0.0
TB,2,very long,pass,44.0,35.0,42.0,40.910000000000004,40.0,42.86,-0.9,2.9,0.0,0.0,0.0,0.0,0.0
TB,2,very long,run,4.0,12.0,15.0,0.0,25.0,40.0,25.0,15.0,0.0,0.0,0.0,0.0,0.0
TB,3,long,pass,50.0,56.0,33.0,26.0,33.93,42.42,7.9,8.5,20.0,28.57,39.39,8.6,10.8
TB,3,long,run,1.0,6.0,6.0,0.0,33.33,33.33,33.3,0.0,0.0,33.33,50.0,33.3,16.7
TB,3,medium,pass,74.0,78.0,57.0,47.3,46.150000000000006,52.629999999999995,-1.1,6.5,47.3,46.150000000000006,52.629999999999995,-1.1,6.5
TB,3,medium,run,3.0,13.0,23.0,0.0,53.849999999999994,60.870000000000005,53.8,7.0,0.0,53.849999999999994,60.870000000000005,53.8,7.0
TB,3,short,pass,54.0,34.0,36.0,57.410000000000004,70.59,61.11,13.2,-9.5,57.410000000000004,70.59,61.11,13.2,-9.5
TB,3,short,run,40.0,27.0,28.0,65.0,59.260000000000005,75.0,-5.7,15.7,65.0,66.67,75.0,1.7,8.3
TB,3,very long,pass,37.0,40.0,37.0,10.81,25.0,40.54,14.2,15.5,0.0,12.5,29.73,12.5,17.2
TB,3,very long,run,2.0,4.0,6.0,0.0,25.0,33.33,25.0,8.3,0.0,0.0,16.669999999999998,0.0,16.7
TB,4,long,pass,3.0,3.0,1.0,66.67,66.67,100.0,0.0,33.3,66.67,66.67,100.0,0.0,33.3
TB,4,medium,pass,6.0,5.0,1.0,33.33,60.0,100.0,26.7,40.0,33.33,60.0,100.0,26.7,40.0
TB,4,medium,run,,1.0,,,0.0,,,,,0.0,,,
TB,4,short,pass,9.0,1.0,3.0,77.78,0.0,0.0,-77.8,0.0,77.78,0.0,0.0,-77.8,0.0
TB,4,short,run,12.0,9.0,9.0,41.67,88.89,66.67,47.2,-22.2,41.67,88.89,77.78,47.2,-11.1
TB,4,very long,pass,1.0,2.0,,0.0,50.0,,50.0,,0.0,50.0,,50.0,
TEN,1,long,pass,142.0,184.0,176.0,47.18,45.11,48.3,-2.1,3.2,0.0,0.0,0.0,0.0,0.0
TEN,1,long,run,245.0,209.0,232.0,35.510000000000005,37.8,31.47,2.3,-6.3,0.0,0.0,0.0,0.0,0.0
TEN,1,medium,pass,4.0,2.0,3.0,50.0,50.0,33.33,0.0,-16.7,0.0,0.0,0.0,0.0,0.0
TEN,1,medium,run,6.0,12.0,7.0,50.0,33.33,57.14,-16.7,23.8,0.0,0.0,0.0,0.0,0.0
TEN,1,short,pass,1.0,2.0,2.0,0.0,50.0,50.0,50.0,0.0,0.0,0.0,0.0,0.0,0.0
TEN,1,short,run,6.0,4.0,2.0,50.0,25.0,0.0,-25.0,-25.0,0.0,0.0,0.0,0.0,0.0
TEN,1,very long,pass,9.0,13.0,19.0,44.440000000000005,53.849999999999994,36.84,9.4,-17.0,0.0,0.0,0.0,0.0,0.0
TEN,1,very long,run,12.0,4.0,4.0,33.33,75.0,25.0,41.7,-50.0,0.0,0.0,0.0,0.0,0.0
TEN,2,long,pass,72.0,79.0,79.0,38.89,44.3,31.65,5.4,-12.6,0.0,0.0,0.0,0.0,0.0
TEN,2,long,run,46.0,55.0,29.0,34.78,23.64,41.38,-11.1,17.7,0.0,0.0,0.0,0.0,0.0
TEN,2,medium,pass,51.0,45.0,56.0,50.980000000000004,40.0,51.790000000000006,-11.0,11.8,0.0,0.0,0.0,0.0,0.0
TEN,2,medium,run,60.0,45.0,59.0,40.0,40.0,44.07,0.0,4.1,0.0,0.0,0.0,0.0,0.0
TEN,2,short,pass,16.0,11.0,20.0,50.0,36.36,40.0,-13.6,3.6,0.0,0.0,0.0,0.0,0.0
TEN,2,short,run,20.0,36.0,33.0,45.0,52.78,48.480000000000004,7.8,-4.3,0.0,0.0,0.0,0.0,0.0
TEN,2,very long,pass,36.0,38.0,53.0,41.67,36.84,37.74,-4.8,0.9,0.0,0.0,0.0,0.0,0.0
TEN,2,very long,run,18.0,15.0,14.0,50.0,6.67,21.43,-43.3,14.8,0.0,0.0,0.0,0.0,0.0
TEN,3,long,pass,41.0,43.0,36.0,29.270000000000003,25.580000000000002,41.67,-3.7,16.1,24.39,23.26,38.89,-1.1,15.6
TEN,3,long,run,6.0,4.0,3.0,33.33,25.0,0.0,-8.3,-25.0,33.33,0.0,0.0,-33.3,0.0
TEN,3,medium,pass,62.0,65.0,56.0,37.1,38.46,33.93,1.4,-4.5,37.1,36.919999999999995,33.93,-0.2,-3.0
TEN,3,medium,run,11.0,9.0,7.0,45.45,44.440000000000005,42.86,-1.0,-1.6,36.36,44.440000000000005,42.86,8.1,-1.6
TEN,3,short,pass,31.0,26.0,27.0,54.84,50.0,44.440000000000005,-4.8,-5.6,54.84,50.0,48.15,-4.8,-1.9
TEN,3,short,run,30.0,21.0,36.0,70.0,85.71,69.44,15.7,-16.3,73.33,85.71,69.44,12.4,-16.3
TEN,3,very long,pass,30.0,35.0,36.0,20.0,11.43,19.439999999999998,-8.6,8.0,6.67,2.86,13.889999999999999,-3.8,11.0
TEN,3,very long,run,6.0,6.0,14.0,0.0,33.33,42.86,33.3,9.5,0.0,16.669999999999998,14.29,16.7,-2.4
TEN,4,long,pass,1.0,1.0,3.0,0.0,0.0,33.33,0.0,33.3,0.0,0.0,0.0,0.0,0.0
TEN,4,medium,pass,1.0,3.0,3.0,0.0,33.33,0.0,33.3,-33.3,0.0,33.33,0.0,33.3,-33.3
TEN,4,medium,run,1.0,,1.0,100.0,,100.0,,,100.0,,100.0,,
TEN,4,short,pass,2.0,6.0,7.0,100.0,66.67,42.86,-33.3,-23.8,100.0,66.67,42.86,-33.3,-23.8
TEN,4,short,run,7.0,7.0,6.0,85.71,85.71,83.33,0.0,-2.4,85.71,85.71,83.33,0.0,-2.4
TEN,4,very long,pass,5.0,1.0,3.0,20.0,0.0,0.0,-20.0,0.0,0.0,0.0,0.0,0.0,0.0
TEN,4,very long,run,,2.0,,,0.0,,,,,0.0,,,
WAS,1,long,pass,206.0,264.0,219.0,41.75,42.8,50.68,1.0,7.9,0.0,0.0,0.0,0.0,0.0
WAS,1,long,run,248.0,163.0,285.0,30.65,31.900000000000002,40.35,1.3,8.4,0.0,0.0,0.0,0.0,0.0
WAS,1,medium,pass,2.0,8.0,5.0,50.0,50.0,60.0,0.0,10.0,0.0,0.0,0.0,0.0,0.0
WAS,1,medium,run,14.0,5.0,14.0,42.86,40.0,78.57,-2.9,38.6,0.0,0.0,0.0,0.0,0.0
WAS,1,short,pass,1.0,5.0,4.0,0.0,40.0,25.0,40.0,-15.0,0.0,0.0,0.0,0.0,0.0
WAS,1,short,run,5.0,5.0,16.0,40.0,40.0,50.0,0.0,10.0,0.0,0.0,0.0,0.0,0.0
WAS,1,very long,pass,7.0,8.0,13.0,42.86,12.5,7.6899999999999995,-30.4,-4.8,0.0,0.0,0.0,0.0,0.0
WAS,1,very long,run,4.0,4.0,8.0,25.0,25.0,25.0,0.0,0.0,0.0,0.0,0.0,0.0,0.0
WAS,2,long,pass,74.0,103.0,96.0,44.59,45.629999999999995,39.58,1.0,-6.0,0.0,0.0,0.0,0.0,0.0
WAS,2,long,run,64.0,45.0,47.0,39.06,15.559999999999999,48.94,-23.5,33.4,0.0,0.0,0.0,0.0,0.0
WAS,2,medium,pass,68.0,56.0,74.0,51.470000000000006,48.209999999999994,58.10999999999999,-3.3,9.9,0.0,0.0,0.0,0.0,0.0
WAS,2,medium,run,79.0,41.0,66.0,49.370000000000005,60.980000000000004,46.97,11.6,-14.0,0.0,0.0,0.0,0.0,0.0
WAS,2,short,pass,19.0,35.0,20.0,57.89,37.14,70.0,-20.8,32.9,0.0,0.0,0.0,0.0,0.0
WAS,2,short,run,33.0,30.0,64.0,54.55,66.67,53.12,12.1,-13.6,0.0,0.0,0.0,0.0,0.0
WAS,2,very long,pass,32.0,28.0,54.0,28.12,39.290000000000006,42.59,11.2,3.3,0.0,0.0,0.0,0.0,0.0
WAS,2,very long,run,18.0,10.0,15.0,33.33,30.0,33.33,-3.3,3.3,0.0,0.0,0.0,0.0,0.0
WAS,3,long,pass,38.0,47.0,43.0,42.11,29.79,32.56,-12.3,2.8,36.84,29.79,30.23,-7.1,0.4
WAS,3,long,run,3.0,2.0,6.0,33.33,50.0,66.67,16.7,16.7,0.0,50.0,50.0,50.0,0.0
WAS,3,medium,pass,67.0,49.0,68.0,29.849999999999998,32.65,42.65,2.8,10.0,28.360000000000003,32.65,41.18,4.3,8.5
WAS,3,medium,run,9.0,9.0,12.0,44.440000000000005,66.67,58.330000000000005,22.2,-8.3,44.440000000000005,55.559999999999995,50.0,11.1,-5.6
WAS,3,short,pass,34.0,38.0,42.0,47.06,47.370000000000005,52.38,0.3,5.0,47.06,50.0,52.38,2.9,2.4
WAS,3,short,run,34.0,27.0,45.0,67.65,62.96000000000001,80.0,-4.7,17.0,67.65,62.96000000000001,82.22,-4.7,19.3
WAS,3,very long,pass,39.0,38.0,35.0,30.769999999999996,28.95,25.71,-1.8,-3.2,12.82,10.530000000000001,14.29,-2.3,3.8
WAS,3,very long,run,5.0,7.0,11.0,40.0,42.86,54.55,2.9,11.7,0.0,14.29,36.36,14.3,22.1
WAS,4,long,pass,1.0,3.0,1.0,0.0,33.33,0.0,33.3,-33.3,0.0,33.33,0.0,33.3,-33.3
WAS,4,medium,pass,5.0,4.0,7.0,40.0,25.0,100.0,-15.0,75.0,40.0,25.0,100.0,-15.0,75.0
WAS,4,medium,run,,,1.0,,,100.0,,,,,100.0,,
WAS,4,short,pass,5.0,14.0,9.0,40.0,64.29,77.78,24.3,13.5,40.0,64.29,77.78,24.3,13.5
WAS,4,short,run,12.0,6.0,18.0,58.330000000000005,83.33,77.78,25.0,-5.5,66.67,83.33,77.78,16.7,-5.5
WAS,4,very long,pass,2.0,1.0,1.0,0.0,0.0,0.0,0.0,0.0,0.0,0.0,0.0,0.0,0.0
WAS,4,very long,run,,1.0,1.0,,0.0,100.0,,100.0,,0.0,100.0,,100.0
ARI,3,,,231.0,223.0,192.0,,,,,,35.5,39.46,43.230000000000004,4.0,3.8
ARI,4,,,41.0,34.0,18.0,,,,,,43.9,44.12,44.440000000000005,0.2,0.3
ATL,3,,,193.0,225.0,207.0,,,,,,42.49,40.0,39.61,-2.5,-0.4
ATL,4,,,18.0,19.0,31.0,,,,,,50.0,42.11,67.74,-7.9,25.6
BAL,3,,,226.0,229.0,214.0,,,,,,41.589999999999996,41.05,50.93,-0.5,9.9
BAL,4,,,23.0,17.0,16.0,,,,,,43.480000000000004,70.59,56.25,27.1,-14.3
BUF,3,,,217.0,244.0,237.0,,,,,,51.15,49.59,45.15,-1.6,-4.4
BUF,4,,,16.0,20.0,31.0,,,,,,50.0,60.0,74.19,10.0,14.2
CAR,3,,,202.0,249.0,211.0,,,,,,31.680000000000003,34.14,36.02,2.5,1.9
CAR,4,,,21.0,48.0,30.0,,,,,,57.14,47.92,46.67,-9.2,-1.2
CHI,3,,,217.0,237.0,228.0,,,,,,41.47,41.349999999999994,33.33,-0.1,-8.0
CHI,4,,,24.0,26.0,38.0,,,,,,33.33,50.0,60.529999999999994,16.7,10.5
CIN,3,,,241.0,214.0,214.0,,,,,,47.3,38.32,46.73,-9.0,8.4
CIN,4,,,13.0,19.0,19.0,,,,,,30.769999999999996,47.370000000000005,52.629999999999995,16.6,5.3
CLE,3,,,228.0,266.0,237.0,,,,,,38.6,32.71,29.54,-5.9,-3.2
CLE,4,,,42.0,36.0,44.0,,,,,,54.76,50.0,54.55,-4.8,4.5
DAL,3,,,258.0,242.0,227.0,,,,,,45.35,50.0,37.0,4.6,-13.0
DAL,4,,,23.0,24.0,28.0,,,,,,60.870000000000005,54.169999999999995,35.709999999999994,-6.7,-18.5
DEN,3,,,230.0,218.0,237.0,,,,,,29.13,37.16,39.24,8.0,2.1
DEN,4,,,24.0,20.0,24.0,,,,,,50.0,65.0,66.67,15.0,1.7
DET,3,,,210.0,254.0,213.0,,,,,,40.949999999999996,42.52,47.42,1.6,4.9
DET,4,,,37.0,45.0,35.0,,,,,,54.05,53.33,68.57,-0.7,15.2
GB,3,,,198.0,245.0,204.0,,,,,,39.900000000000006,48.16,40.2,8.3,-8.0
GB,4,,,31.0,26.0,18.0,,,,,,38.71,50.0,50.0,11.3,0.0
HOU,3,,,221.0,250.0,261.0,,,,,,30.320000000000004,37.6,39.08,7.3,1.5
HOU,4,,,26.0,22.0,21.0,,,,,,50.0,36.36,61.9,-13.6,25.5
IND,3,,,228.0,231.0,218.0,,,,,,32.89,35.5,38.07,2.6,2.6
IND,4,,,26.0,32.0,28.0,,,,,,46.150000000000006,50.0,60.709999999999994,3.8,10.7
JAX,3,,,237.0,224.0,204.0,,,,,,41.77,38.84,37.25,-2.9,-1.6
JAX,4,,,30.0,29.0,26.0,,,,,,53.33,44.83,53.849999999999994,-8.5,9.0
KC,3,,,225.0,272.0,255.0,,,,,,49.33,44.12,48.24,-5.2,4.1
KC,4,,,13.0,23.0,21.0,,,,,,76.92,56.52,66.67,-20.4,10.1
LA,3,,,212.0,233.0,222.0,,,,,,39.15,42.059999999999995,36.94,2.9,-5.1
LA,4,,,19.0,22.0,26.0,,,,,,78.95,63.63999999999999,65.38000000000001,-15.3,1.7
LAC,3,,,272.0,236.0,228.0,,,,,,44.12,38.56,40.35,-5.6,1.8
LAC,4,,,28.0,32.0,17.0,,,,,,53.56999999999999,46.88,58.81999999999999,-6.7,11.9
LV,3,,,209.0,213.0,222.0,,,,,,39.71,36.15,35.14,-3.6,-1.0
LV,4,,,24.0,23.0,25.0,,,,,,54.169999999999995,60.870000000000005,56.00000000000001,6.7,-4.9
MIA,3,,,208.0,211.0,210.0,,,,,,36.059999999999995,40.760000000000005,36.67,4.7,-4.1
MIA,4,,,26.0,30.0,31.0,,,,,,53.849999999999994,46.67,48.39,-7.2,1.7
MIN,3,,,236.0,223.0,216.0,,,,,,41.099999999999994,38.12,39.81,-3.0,1.7
MIN,4,,,21.0,28.0,17.0,,,,,,47.620000000000005,60.709999999999994,41.18,13.1,-19.5
NE,3,,,210.0,222.0,214.0,,,,,,35.709999999999994,30.18,35.05,-5.5,4.9
NE,4,,,13.0,25.0,24.0,,,,,,38.46,36.0,58.330000000000005,-2.5,22.3
NO,3,,,217.0,233.0,215.0,,,,,,40.550000000000004,39.06,35.35,-1.5,-3.7
NO,4,,,11.0,19.0,27.0,,,,,,36.36,47.370000000000005,55.559999999999995,11.0,8.2
NYG,3,,,233.0,246.0,230.0,,,,,,38.629999999999995,30.490000000000002,35.65,-8.1,5.2
NYG,4,,,26.0,37.0,37.0,,,,,,50.0,48.65,54.05,-1.4,5.4
NYJ,3,,,239.0,236.0,210.0,,,,,,34.73,25.85,39.519999999999996,-8.9,13.7
NYJ,4,,,28.0,29.0,24.0,,,,,,39.290000000000006,58.620000000000005,41.67,19.3,-17.0
PHI,3,,,267.0,232.0,278.0,,,,,,47.94,46.550000000000004,41.010000000000005,-1.4,-5.5
PHI,4,,,37.0,28.0,31.0,,,,,,72.97,67.86,70.97,-5.1,3.1
PIT,3,,,236.0,240.0,238.0,,,,,,44.92,37.5,39.92,-7.4,2.4
PIT,4,,,15.0,20.0,19.0,,,,,,73.33,45.0,36.84,-28.3,-8.2
SEA,3,,,213.0,206.0,208.0,,,,,,38.5,36.41,37.980000000000004,-2.1,1.6
SEA,4,,,22.0,16.0,19.0,,,,,,59.089999999999996,37.5,52.629999999999995,-21.6,15.1
SF,3,,,243.0,219.0,196.0,,,,,,45.269999999999996,47.49,42.86,2.2,-4.6
SF,4,,,19.0,14.0,16.0,,,,,,36.84,57.14,50.0,20.3,-7.1
TB,3,,,261.0,258.0,226.0,,,,,,39.08,41.86,50.88,2.8,9.0
TB,4,,,31.0,21.0,14.0,,,,,,51.61,66.67,64.29,15.1,-2.4
TEN,3,,,217.0,209.0,215.0,,,,,,36.870000000000005,33.97,37.669999999999995,-2.9,3.7
TEN,4,,,17.0,20.0,23.0,,,,,,52.94,55.00000000000001,39.129999999999995,2.1,-15.9
WAS,3,,,229.0,217.0,262.0,,,,,,35.370000000000005,35.480000000000004,45.04,0.1,9.6
WAS,4,,,25.0,29.0,38.0,,,,,,48.0,55.169999999999995,78.95,7.2,23.8
